-- noinspection SqlNoDataSourceInspectionForFile

-- noinspection SqlDialectInspectionForFile


INSERT INTO USER (ENABLED, FIRST_NAME, LAST_NAME, EMAIL, PASSWORD, USERNAME, CREATE_USER_USERNAME, CREATE_DATE) VALUES(TRUE, 'Test', 'Admin', 'admin@airinfo.com', '$2a$10$0fzFCfocPwei8eeWalkFpOe0RCg8gDYt3L1..bAwVjnL3qgKq2cMm', 'admin', 'admin', '2016-01-01 00:00:00')
INSERT INTO USER_USER_ROLE (USER_USERNAME, ROLES) VALUES ('admin', 'ADMIN')
INSERT INTO USER (ENABLED, FIRST_NAME, LAST_NAME, PASSWORD, USERNAME, CREATE_USER_USERNAME, CREATE_DATE) VALUES(TRUE, 'Test', 'Manager', '$2a$10$0fzFCfocPwei8eeWalkFpOe0RCg8gDYt3L1..bAwVjnL3qgKq2cMm', 'user1', 'admin', '2016-01-01 00:00:00')
INSERT INTO USER_USER_ROLE (USER_USERNAME, ROLES) VALUES ('user1', 'MANAGER')
INSERT INTO USER (ENABLED, FIRST_NAME, LAST_NAME, PASSWORD, USERNAME, CREATE_USER_USERNAME, CREATE_DATE) VALUES(TRUE, 'Test', 'Pilot', '$2a$10$0fzFCfocPwei8eeWalkFpOe0RCg8gDYt3L1..bAwVjnL3qgKq2cMm' , 'user2', 'admin', '2016-01-01 00:00:00')
INSERT INTO USER_USER_ROLE (USER_USERNAME, ROLES) VALUES ('user2', 'PILOT')
INSERT INTO USER (ENABLED, FIRST_NAME, LAST_NAME, PASSWORD, USERNAME, CREATE_USER_USERNAME, CREATE_DATE) VALUES(TRUE, 'Test', 'Crew', '$2a$10$0fzFCfocPwei8eeWalkFpOe0RCg8gDYt3L1..bAwVjnL3qgKq2cMm', 'user3', 'admin', '2016-01-01 00:00:00')
INSERT INTO USER_USER_ROLE (USER_USERNAME, ROLES) VALUES ('user3', 'CREW')
INSERT INTO USER (ENABLED, FIRST_NAME, LAST_NAME, PASSWORD, USERNAME, CREATE_USER_USERNAME, CREATE_DATE) VALUES(TRUE, 'Test', 'User', '$2a$10$0fzFCfocPwei8eeWalkFpOe0RCg8gDYt3L1..bAwVjnL3qgKq2cMm', 'user4', 'admin', '2016-01-01 00:00:00')
INSERT INTO USER_USER_ROLE (USER_USERNAME, ROLES) VALUES ('user4', 'USER')

INSERT INTO USER (ENABLED, FIRST_NAME, LAST_NAME, PASSWORD, USERNAME, EMAIL, PHONE, CREATE_USER_USERNAME, CREATE_DATE) VALUES(TRUE, 'Daniel', 'Dresdner', '$2a$10$0fzFCfocPwei8eeWalkFpOe0RCg8gDYt3L1..bAwVjnL3qgKq2cMm', 'ario2000', 'DanielDresdner@airinfo.at', '+43 681 6168201', 'admin', '2020-01-01 00:00:00')
INSERT INTO USER_USER_ROLE (USER_USERNAME, ROLES) VALUES ('ario2000', 'ADMIN')
INSERT INTO USER (ENABLED, FIRST_NAME, LAST_NAME, PASSWORD, USERNAME, EMAIL, PHONE, CREATE_USER_USERNAME, CREATE_DATE) VALUES(TRUE, 'Marie', 'Kalb', '$2a$10$0fzFCfocPwei8eeWalkFpOe0RCg8gDYt3L1..bAwVjnL3qgKq2cMm', 'ario2001', 'MarieKalb@airinfo.at', '+43 688 1763895', 'admin', '2020-01-01 00:00:00')
INSERT INTO USER_USER_ROLE (USER_USERNAME, ROLES) VALUES ('ario2001', 'ADMIN')
INSERT INTO USER (ENABLED, FIRST_NAME, LAST_NAME, PASSWORD, USERNAME, EMAIL, PHONE, CREATE_USER_USERNAME, CREATE_DATE) VALUES(TRUE, 'Felix', 'Schroeder', '$2a$10$0fzFCfocPwei8eeWalkFpOe0RCg8gDYt3L1..bAwVjnL3qgKq2cMm', 'ario2002', 'FelixSchroeder@airinfo.at', '+43 664 2092029', 'admin', '2020-01-01 00:00:00')
INSERT INTO USER_USER_ROLE (USER_USERNAME, ROLES) VALUES ('ario2002', 'ADMIN')

INSERT INTO USER (ENABLED, FIRST_NAME, LAST_NAME, PASSWORD, USERNAME, EMAIL, PHONE, CREATE_USER_USERNAME, CREATE_DATE) VALUES(TRUE, 'Tanja', 'Schreiner', '$2a$10$0fzFCfocPwei8eeWalkFpOe0RCg8gDYt3L1..bAwVjnL3qgKq2cMm', 'ario2003', 'TanjaSchreiner@airinfo.at', '+43 688 6816624', 'admin', '2020-01-01 00:00:00')
INSERT INTO USER_USER_ROLE (USER_USERNAME, ROLES) VALUES ('ario2003', 'MANAGER')
INSERT INTO USER (ENABLED, FIRST_NAME, LAST_NAME, PASSWORD, USERNAME, EMAIL, PHONE, CREATE_USER_USERNAME, CREATE_DATE) VALUES(TRUE, 'Frank', 'Schwarz', '$2a$10$0fzFCfocPwei8eeWalkFpOe0RCg8gDYt3L1..bAwVjnL3qgKq2cMm', 'ario2004', 'FrankSchwarz@airinfo.at', '+43 688 6135082', 'admin', '2020-01-01 00:00:00')
INSERT INTO USER_USER_ROLE (USER_USERNAME, ROLES) VALUES ('ario2004', 'MANAGER')
INSERT INTO USER (ENABLED, FIRST_NAME, LAST_NAME, PASSWORD, USERNAME, EMAIL, PHONE, CREATE_USER_USERNAME, CREATE_DATE) VALUES(TRUE, 'Dennis', 'Kappel', '$2a$10$0fzFCfocPwei8eeWalkFpOe0RCg8gDYt3L1..bAwVjnL3qgKq2cMm', 'ario2005', 'DennisKappel@airinfo.at', '+43 660 3138174', 'admin', '2020-01-01 00:00:00')
INSERT INTO USER_USER_ROLE (USER_USERNAME, ROLES) VALUES ('ario2005', 'MANAGER')
INSERT INTO USER (ENABLED, FIRST_NAME, LAST_NAME, PASSWORD, USERNAME, EMAIL, PHONE, CREATE_USER_USERNAME, CREATE_DATE) VALUES(TRUE, 'Katrin', 'Baer', '$2a$10$0fzFCfocPwei8eeWalkFpOe0RCg8gDYt3L1..bAwVjnL3qgKq2cMm', 'ario2006', 'KatrinBaer@airinfo.at', '+43 680 7655550', 'admin', '2020-01-01 00:00:00')
INSERT INTO USER_USER_ROLE (USER_USERNAME, ROLES) VALUES ('ario2006', 'MANAGER')
INSERT INTO USER (ENABLED, FIRST_NAME, LAST_NAME, PASSWORD, USERNAME, EMAIL, PHONE, CREATE_USER_USERNAME, CREATE_DATE) VALUES(TRUE, 'Jennifer', 'Drescher', '$2a$10$0fzFCfocPwei8eeWalkFpOe0RCg8gDYt3L1..bAwVjnL3qgKq2cMm', 'ario2007', 'JenniferDrescher@airinfo.at', '+43 664 6125949', 'admin', '2020-01-01 00:00:00')
INSERT INTO USER_USER_ROLE (USER_USERNAME, ROLES) VALUES ('ario2007', 'MANAGER')
INSERT INTO USER (ENABLED, FIRST_NAME, LAST_NAME, PASSWORD, USERNAME, EMAIL, PHONE, CREATE_USER_USERNAME, CREATE_DATE) VALUES(TRUE, 'Laura', 'Dietrich', '$2a$10$0fzFCfocPwei8eeWalkFpOe0RCg8gDYt3L1..bAwVjnL3qgKq2cMm', 'ario2008', 'LauraDietrich@airinfo.at', '+43 660 3386221', 'admin', '2020-01-01 00:00:00')
INSERT INTO USER_USER_ROLE (USER_USERNAME, ROLES) VALUES ('ario2008', 'MANAGER')
INSERT INTO USER (ENABLED, FIRST_NAME, LAST_NAME, PASSWORD, USERNAME, EMAIL, PHONE, CREATE_USER_USERNAME, CREATE_DATE) VALUES(TRUE, 'Marcel', 'Feierabend', '$2a$10$0fzFCfocPwei8eeWalkFpOe0RCg8gDYt3L1..bAwVjnL3qgKq2cMm', 'ario2009', 'MarcelFeierabend@airinfo.at', '+43 688 6788048', 'admin', '2020-01-01 00:00:00')
INSERT INTO USER_USER_ROLE (USER_USERNAME, ROLES) VALUES ('ario2009', 'MANAGER')
INSERT INTO USER (ENABLED, FIRST_NAME, LAST_NAME, PASSWORD, USERNAME, EMAIL, PHONE, CREATE_USER_USERNAME, CREATE_DATE) VALUES(TRUE, 'Andreas', 'Schweitzer', '$2a$10$0fzFCfocPwei8eeWalkFpOe0RCg8gDYt3L1..bAwVjnL3qgKq2cMm', 'ario2010', 'AndreasSchweitzer@airinfo.at', '+43 660 1868911', 'admin', '2020-01-01 00:00:00')
INSERT INTO USER_USER_ROLE (USER_USERNAME, ROLES) VALUES ('ario2010', 'MANAGER')

INSERT INTO USER (ENABLED, FIRST_NAME, LAST_NAME, PASSWORD, USERNAME, EMAIL, PHONE, CREATE_USER_USERNAME, CREATE_DATE) VALUES(TRUE, 'Torsten', 'Weber', '$2a$10$0fzFCfocPwei8eeWalkFpOe0RCg8gDYt3L1..bAwVjnL3qgKq2cMm', 'ario2011', 'TorstenWeber@airinfo.at', '+43 681 2618128', 'admin', '2020-01-01 00:00:00')
INSERT INTO USER_USER_ROLE (USER_USERNAME, ROLES) VALUES ('ario2011', 'PILOT')
INSERT INTO USER (ENABLED, FIRST_NAME, LAST_NAME, PASSWORD, USERNAME, EMAIL, PHONE, CREATE_USER_USERNAME, CREATE_DATE) VALUES(TRUE, 'Sophie', 'Pabst', '$2a$10$0fzFCfocPwei8eeWalkFpOe0RCg8gDYt3L1..bAwVjnL3qgKq2cMm', 'ario2012', 'SophiePabst@airinfo.at', '+43 676 9719226', 'admin', '2020-01-01 00:00:00')
INSERT INTO USER_USER_ROLE (USER_USERNAME, ROLES) VALUES ('ario2012', 'PILOT')
INSERT INTO USER (ENABLED, FIRST_NAME, LAST_NAME, PASSWORD, USERNAME, EMAIL, PHONE, CREATE_USER_USERNAME, CREATE_DATE) VALUES(TRUE, 'Swen', 'Bergmann', '$2a$10$0fzFCfocPwei8eeWalkFpOe0RCg8gDYt3L1..bAwVjnL3qgKq2cMm', 'ario2013', 'SwenBergmann@airinfo.at', '+43 688 2258477', 'admin', '2020-01-01 00:00:00')
INSERT INTO USER_USER_ROLE (USER_USERNAME, ROLES) VALUES ('ario2013', 'PILOT')
INSERT INTO USER (ENABLED, FIRST_NAME, LAST_NAME, PASSWORD, USERNAME, EMAIL, PHONE, CREATE_USER_USERNAME, CREATE_DATE) VALUES(TRUE, 'Maximilian', 'Weiss', '$2a$10$0fzFCfocPwei8eeWalkFpOe0RCg8gDYt3L1..bAwVjnL3qgKq2cMm', 'ario2014', 'MaximilianWeiss@airinfo.at', '+43 680 4600354', 'admin', '2020-01-01 00:00:00')
INSERT INTO USER_USER_ROLE (USER_USERNAME, ROLES) VALUES ('ario2014', 'PILOT')
INSERT INTO USER (ENABLED, FIRST_NAME, LAST_NAME, PASSWORD, USERNAME, EMAIL, PHONE, CREATE_USER_USERNAME, CREATE_DATE) VALUES(TRUE, 'Marie', 'Schreiner', '$2a$10$0fzFCfocPwei8eeWalkFpOe0RCg8gDYt3L1..bAwVjnL3qgKq2cMm', 'ario2015', 'MarieSchreiner@airinfo.at', '+43 650 4093657', 'admin', '2020-01-01 00:00:00')
INSERT INTO USER_USER_ROLE (USER_USERNAME, ROLES) VALUES ('ario2015', 'PILOT')
INSERT INTO USER (ENABLED, FIRST_NAME, LAST_NAME, PASSWORD, USERNAME, EMAIL, PHONE, CREATE_USER_USERNAME, CREATE_DATE) VALUES(TRUE, 'Katja ', 'Dreher', '$2a$10$0fzFCfocPwei8eeWalkFpOe0RCg8gDYt3L1..bAwVjnL3qgKq2cMm', 'ario2016', 'KatjaDreher@airinfo.at', '+43 660 6925000', 'admin', '2020-01-01 00:00:00')
INSERT INTO USER_USER_ROLE (USER_USERNAME, ROLES) VALUES ('ario2016', 'PILOT')
INSERT INTO USER (ENABLED, FIRST_NAME, LAST_NAME, PASSWORD, USERNAME, EMAIL, PHONE, CREATE_USER_USERNAME, CREATE_DATE) VALUES(TRUE, 'Luca', 'Barth', '$2a$10$0fzFCfocPwei8eeWalkFpOe0RCg8gDYt3L1..bAwVjnL3qgKq2cMm', 'ario2017', 'LucaBarth@airinfo.at', '+43 664 5630735', 'admin', '2020-01-01 00:00:00')
INSERT INTO USER_USER_ROLE (USER_USERNAME, ROLES) VALUES ('ario2017', 'PILOT')
INSERT INTO USER (ENABLED, FIRST_NAME, LAST_NAME, PASSWORD, USERNAME, EMAIL, PHONE, CREATE_USER_USERNAME, CREATE_DATE) VALUES(TRUE, 'Anne', 'Becker', '$2a$10$0fzFCfocPwei8eeWalkFpOe0RCg8gDYt3L1..bAwVjnL3qgKq2cMm', 'ario2018', 'AnneBecker@airinfo.at', '+43 664 9994096', 'admin', '2020-01-01 00:00:00')
INSERT INTO USER_USER_ROLE (USER_USERNAME, ROLES) VALUES ('ario2018', 'PILOT')
INSERT INTO USER (ENABLED, FIRST_NAME, LAST_NAME, PASSWORD, USERNAME, EMAIL, PHONE, CREATE_USER_USERNAME, CREATE_DATE) VALUES(TRUE, 'Monika', 'Freud', '$2a$10$0fzFCfocPwei8eeWalkFpOe0RCg8gDYt3L1..bAwVjnL3qgKq2cMm', 'ario2019', 'MonikaFreud@airinfo.at', '+43 681 7194419', 'admin', '2020-01-01 00:00:00')
INSERT INTO USER_USER_ROLE (USER_USERNAME, ROLES) VALUES ('ario2019', 'PILOT')
INSERT INTO USER (ENABLED, FIRST_NAME, LAST_NAME, PASSWORD, USERNAME, EMAIL, PHONE, CREATE_USER_USERNAME, CREATE_DATE) VALUES(TRUE, 'Tobias', 'Köhler', '$2a$10$0fzFCfocPwei8eeWalkFpOe0RCg8gDYt3L1..bAwVjnL3qgKq2cMm', 'ario2020', 'TobiasKoehler@airinfo.at', '+43 660 3399480', 'admin', '2020-01-01 00:00:00')
INSERT INTO USER_USER_ROLE (USER_USERNAME, ROLES) VALUES ('ario2020', 'PILOT')
INSERT INTO USER (ENABLED, FIRST_NAME, LAST_NAME, PASSWORD, USERNAME, EMAIL, PHONE, CREATE_USER_USERNAME, CREATE_DATE) VALUES(TRUE, 'Karolin', 'Peters', '$2a$10$0fzFCfocPwei8eeWalkFpOe0RCg8gDYt3L1..bAwVjnL3qgKq2cMm', 'ario2021', 'KarolinPeters@airinfo.at', '+43 688 2835470', 'admin', '2020-01-01 00:00:00')
INSERT INTO USER_USER_ROLE (USER_USERNAME, ROLES) VALUES ('ario2021', 'PILOT')
INSERT INTO USER (ENABLED, FIRST_NAME, LAST_NAME, PASSWORD, USERNAME, EMAIL, PHONE, CREATE_USER_USERNAME, CREATE_DATE) VALUES(TRUE, 'Torsten', 'Grunwald', '$2a$10$0fzFCfocPwei8eeWalkFpOe0RCg8gDYt3L1..bAwVjnL3qgKq2cMm', 'ario2022', 'TorstenGrunwald@airinfo.at', '+43 650 2457354', 'admin', '2020-01-01 00:00:00')
INSERT INTO USER_USER_ROLE (USER_USERNAME, ROLES) VALUES ('ario2022', 'PILOT')
INSERT INTO USER (ENABLED, FIRST_NAME, LAST_NAME, PASSWORD, USERNAME, EMAIL, PHONE, CREATE_USER_USERNAME, CREATE_DATE) VALUES(TRUE, 'Melanie', 'Dresner', '$2a$10$0fzFCfocPwei8eeWalkFpOe0RCg8gDYt3L1..bAwVjnL3qgKq2cMm', 'ario2023', 'MelanieDresner@airinfo.at', '+43 664 9189271', 'admin', '2020-01-01 00:00:00')
INSERT INTO USER_USER_ROLE (USER_USERNAME, ROLES) VALUES ('ario2023', 'PILOT')
INSERT INTO USER (ENABLED, FIRST_NAME, LAST_NAME, PASSWORD, USERNAME, EMAIL, PHONE, CREATE_USER_USERNAME, CREATE_DATE) VALUES(TRUE, 'Andreas', 'Ostermann', '$2a$10$0fzFCfocPwei8eeWalkFpOe0RCg8gDYt3L1..bAwVjnL3qgKq2cMm', 'ario2024', 'AndreasOstermann@airinfo.at', '+43 676 7767429', 'admin', '2020-01-01 00:00:00')
INSERT INTO USER_USER_ROLE (USER_USERNAME, ROLES) VALUES ('ario2024', 'PILOT')
INSERT INTO USER (ENABLED, FIRST_NAME, LAST_NAME, PASSWORD, USERNAME, EMAIL, PHONE, CREATE_USER_USERNAME, CREATE_DATE) VALUES(TRUE, 'Lea', 'Wurfel', '$2a$10$0fzFCfocPwei8eeWalkFpOe0RCg8gDYt3L1..bAwVjnL3qgKq2cMm', 'ario2025', 'LeaWurfel@airinfo.at', '+43 680 7672464', 'admin', '2020-01-01 00:00:00')
INSERT INTO USER_USER_ROLE (USER_USERNAME, ROLES) VALUES ('ario2025', 'PILOT')
INSERT INTO USER (ENABLED, FIRST_NAME, LAST_NAME, PASSWORD, USERNAME, EMAIL, PHONE, CREATE_USER_USERNAME, CREATE_DATE) VALUES(TRUE, 'Eric', 'Reiniger', '$2a$10$0fzFCfocPwei8eeWalkFpOe0RCg8gDYt3L1..bAwVjnL3qgKq2cMm', 'ario2026', 'EricReiniger@airinfo.at', '+43 676 3061657', 'admin', '2020-01-01 00:00:00')
INSERT INTO USER_USER_ROLE (USER_USERNAME, ROLES) VALUES ('ario2026', 'PILOT')
INSERT INTO USER (ENABLED, FIRST_NAME, LAST_NAME, PASSWORD, USERNAME, EMAIL, PHONE, CREATE_USER_USERNAME, CREATE_DATE) VALUES(TRUE, 'Robert', 'Mauer', '$2a$10$0fzFCfocPwei8eeWalkFpOe0RCg8gDYt3L1..bAwVjnL3qgKq2cMm', 'ario2027', 'RobertMauer@airinfo.at', '+43 650 4276117', 'admin', '2020-01-01 00:00:00')
INSERT INTO USER_USER_ROLE (USER_USERNAME, ROLES) VALUES ('ario2027', 'PILOT')
INSERT INTO USER (ENABLED, FIRST_NAME, LAST_NAME, PASSWORD, USERNAME, EMAIL, PHONE, CREATE_USER_USERNAME, CREATE_DATE) VALUES(TRUE, 'Melanie', 'Dresner', '$2a$10$0fzFCfocPwei8eeWalkFpOe0RCg8gDYt3L1..bAwVjnL3qgKq2cMm', 'ario2028', 'MelanieDresner@airinfo.at', '+43 664 9189271', 'admin', '2020-01-01 00:00:00')
INSERT INTO USER_USER_ROLE (USER_USERNAME, ROLES) VALUES ('ario2028', 'PILOT')
INSERT INTO USER (ENABLED, FIRST_NAME, LAST_NAME, PASSWORD, USERNAME, EMAIL, PHONE, CREATE_USER_USERNAME, CREATE_DATE) VALUES(TRUE, 'Daniel', 'Schulz', '$2a$10$0fzFCfocPwei8eeWalkFpOe0RCg8gDYt3L1..bAwVjnL3qgKq2cMm', 'ario2029', 'DanielSchulz@airinfo.at', '+43 676 1475777', 'admin', '2020-01-01 00:00:00')
INSERT INTO USER_USER_ROLE (USER_USERNAME, ROLES) VALUES ('ario2029', 'PILOT')
INSERT INTO USER (ENABLED, FIRST_NAME, LAST_NAME, PASSWORD, USERNAME, EMAIL, PHONE, CREATE_USER_USERNAME, CREATE_DATE) VALUES(TRUE, 'Melanie', 'Dresner', '$2a$10$0fzFCfocPwei8eeWalkFpOe0RCg8gDYt3L1..bAwVjnL3qgKq2cMm', 'ario2030', 'MelanieDresner@airinfo.at', '+43 664 9189271', 'admin', '2020-01-01 00:00:00')
INSERT INTO USER_USER_ROLE (USER_USERNAME, ROLES) VALUES ('ario2030', 'PILOT')
INSERT INTO USER (ENABLED, FIRST_NAME, LAST_NAME, PASSWORD, USERNAME, EMAIL, PHONE, CREATE_USER_USERNAME, CREATE_DATE) VALUES(TRUE, 'Mario', 'Schmitt', '$2a$10$0fzFCfocPwei8eeWalkFpOe0RCg8gDYt3L1..bAwVjnL3qgKq2cMm', 'ario2031', 'MarioSchmitt@airinfo.at', '+43 676 4157526', 'admin', '2020-01-01 00:00:00')
INSERT INTO USER_USER_ROLE (USER_USERNAME, ROLES) VALUES ('ario2031', 'PILOT')
INSERT INTO USER (ENABLED, FIRST_NAME, LAST_NAME, PASSWORD, USERNAME, EMAIL, PHONE, CREATE_USER_USERNAME, CREATE_DATE) VALUES(TRUE, 'Uwe', 'Busch', '$2a$10$0fzFCfocPwei8eeWalkFpOe0RCg8gDYt3L1..bAwVjnL3qgKq2cMm', 'ario2032', 'UweBusch@airinfo.at', '+43 699 7403023', 'admin', '2020-01-01 00:00:00')
INSERT INTO USER_USER_ROLE (USER_USERNAME, ROLES) VALUES ('ario2032', 'PILOT')
INSERT INTO USER (ENABLED, FIRST_NAME, LAST_NAME, PASSWORD, USERNAME, EMAIL, PHONE, CREATE_USER_USERNAME, CREATE_DATE) VALUES(TRUE, 'Dieter', 'Herzog', '$2a$10$0fzFCfocPwei8eeWalkFpOe0RCg8gDYt3L1..bAwVjnL3qgKq2cMm', 'ario2033', 'DieterHerzog@airinfo.at', '+43 650 5885133', 'admin', '2020-01-01 00:00:00')
INSERT INTO USER_USER_ROLE (USER_USERNAME, ROLES) VALUES ('ario2033', 'PILOT')
INSERT INTO USER (ENABLED, FIRST_NAME, LAST_NAME, PASSWORD, USERNAME, EMAIL, PHONE, CREATE_USER_USERNAME, CREATE_DATE) VALUES(TRUE, 'Diana', 'Kaufmann', '$2a$10$0fzFCfocPwei8eeWalkFpOe0RCg8gDYt3L1..bAwVjnL3qgKq2cMm', 'ario2034', 'DianaKaufmann@airinfo.at', '+43 688 8955098', 'admin', '2020-01-01 00:00:00')
INSERT INTO USER_USER_ROLE (USER_USERNAME, ROLES) VALUES ('ario2034', 'PILOT')
INSERT INTO USER (ENABLED, FIRST_NAME, LAST_NAME, PASSWORD, USERNAME, EMAIL, PHONE, CREATE_USER_USERNAME, CREATE_DATE) VALUES(TRUE, 'Ralph', 'Bumgarner', '$2a$10$0fzFCfocPwei8eeWalkFpOe0RCg8gDYt3L1..bAwVjnL3qgKq2cMm', 'ario2035', 'RalphBumgarner@airinfo.at', '+43 681 1061223', 'admin', '2020-01-01 00:00:00')
INSERT INTO USER_USER_ROLE (USER_USERNAME, ROLES) VALUES ('ario2035', 'PILOT')
INSERT INTO USER (ENABLED, FIRST_NAME, LAST_NAME, PASSWORD, USERNAME, EMAIL, PHONE, CREATE_USER_USERNAME, CREATE_DATE) VALUES(TRUE, 'Andreas', 'Schröder', '$2a$10$0fzFCfocPwei8eeWalkFpOe0RCg8gDYt3L1..bAwVjnL3qgKq2cMm', 'ario2036', 'AndreasSchroeder@airinfo.at', '+43 660 8580126', 'admin', '2020-01-01 00:00:00')
INSERT INTO USER_USER_ROLE (USER_USERNAME, ROLES) VALUES ('ario2036', 'PILOT')

INSERT INTO USER (ENABLED, FIRST_NAME, LAST_NAME, PASSWORD, USERNAME, EMAIL, PHONE, CREATE_USER_USERNAME, CREATE_DATE) VALUES(TRUE, 'Christin', 'Becker', '$2a$10$0fzFCfocPwei8eeWalkFpOe0RCg8gDYt3L1..bAwVjnL3qgKq2cMm', 'ario2037', 'ChristinBecker@airinfo.at', '+43 676 1054576', 'admin', '2020-01-01 00:00:00')
INSERT INTO USER_USER_ROLE (USER_USERNAME, ROLES) VALUES ('ario2037', 'CREW')
INSERT INTO USER (ENABLED, FIRST_NAME, LAST_NAME, PASSWORD, USERNAME, EMAIL, PHONE, CREATE_USER_USERNAME, CREATE_DATE) VALUES(TRUE, 'Leonie', 'Frei', '$2a$10$0fzFCfocPwei8eeWalkFpOe0RCg8gDYt3L1..bAwVjnL3qgKq2cMm', 'ario2038', 'LeonieFrei@airinfo.at', '+43 688 7246948', 'admin', '2020-01-01 00:00:00')
INSERT INTO USER_USER_ROLE (USER_USERNAME, ROLES) VALUES ('ario2038', 'CREW')
INSERT INTO USER (ENABLED, FIRST_NAME, LAST_NAME, PASSWORD, USERNAME, EMAIL, PHONE, CREATE_USER_USERNAME, CREATE_DATE) VALUES(TRUE, 'Christina', 'Jung', '$2a$10$0fzFCfocPwei8eeWalkFpOe0RCg8gDYt3L1..bAwVjnL3qgKq2cMm', 'ario2039', 'ChristinaJung@airinfo.at', '+43 681 9853749', 'admin', '2020-01-01 00:00:00')
INSERT INTO USER_USER_ROLE (USER_USERNAME, ROLES) VALUES ('ario2039', 'CREW')
INSERT INTO USER (ENABLED, FIRST_NAME, LAST_NAME, PASSWORD, USERNAME, EMAIL, PHONE, CREATE_USER_USERNAME, CREATE_DATE) VALUES(TRUE, 'Niklas', 'Dresdner', '$2a$10$0fzFCfocPwei8eeWalkFpOe0RCg8gDYt3L1..bAwVjnL3qgKq2cMm', 'ario2040', 'NiklasDresdner@airinfo.at', '+43 681 7937983', 'admin', '2020-01-01 00:00:00')
INSERT INTO USER_USER_ROLE (USER_USERNAME, ROLES) VALUES ('ario2040', 'CREW')
INSERT INTO USER (ENABLED, FIRST_NAME, LAST_NAME, PASSWORD, USERNAME, EMAIL, PHONE, CREATE_USER_USERNAME, CREATE_DATE) VALUES(TRUE, 'Sabine', 'Schwab', '$2a$10$0fzFCfocPwei8eeWalkFpOe0RCg8gDYt3L1..bAwVjnL3qgKq2cMm', 'ario2041', 'SabineSchwab@airinfo.at', '+43 681 6088254', 'admin', '2020-01-01 00:00:00')
INSERT INTO USER_USER_ROLE (USER_USERNAME, ROLES) VALUES ('ario2041', 'CREW')
INSERT INTO USER (ENABLED, FIRST_NAME, LAST_NAME, PASSWORD, USERNAME, EMAIL, PHONE, CREATE_USER_USERNAME, CREATE_DATE) VALUES(TRUE, 'Janina', 'Aachen', '$2a$10$0fzFCfocPwei8eeWalkFpOe0RCg8gDYt3L1..bAwVjnL3qgKq2cMm', 'ario2042', 'JaninaAachen@airinfo.at', '+43 681 5128316', 'admin', '2020-01-01 00:00:00')
INSERT INTO USER_USER_ROLE (USER_USERNAME, ROLES) VALUES ('ario2042', 'CREW')
INSERT INTO USER (ENABLED, FIRST_NAME, LAST_NAME, PASSWORD, USERNAME, EMAIL, PHONE, CREATE_USER_USERNAME, CREATE_DATE) VALUES(TRUE, 'Katharina', 'Kastner', '$2a$10$0fzFCfocPwei8eeWalkFpOe0RCg8gDYt3L1..bAwVjnL3qgKq2cMm', 'ario2043', 'KatharinaKastner@airinfo.at', '+43 680 6774061', 'admin', '2020-01-01 00:00:00')
INSERT INTO USER_USER_ROLE (USER_USERNAME, ROLES) VALUES ('ario2043', 'CREW')
INSERT INTO USER (ENABLED, FIRST_NAME, LAST_NAME, PASSWORD, USERNAME, EMAIL, PHONE, CREATE_USER_USERNAME, CREATE_DATE) VALUES(TRUE, 'Michelle', 'Herzog', '$2a$10$0fzFCfocPwei8eeWalkFpOe0RCg8gDYt3L1..bAwVjnL3qgKq2cMm', 'ario2044', 'MichelleHerzog@airinfo.at', '+43 676 9716278', 'admin', '2020-01-01 00:00:00')
INSERT INTO USER_USER_ROLE (USER_USERNAME, ROLES) VALUES ('ario2044', 'CREW')
INSERT INTO USER (ENABLED, FIRST_NAME, LAST_NAME, PASSWORD, USERNAME, EMAIL, PHONE, CREATE_USER_USERNAME, CREATE_DATE) VALUES(TRUE, 'Janina', 'Hirsch', '$2a$10$0fzFCfocPwei8eeWalkFpOe0RCg8gDYt3L1..bAwVjnL3qgKq2cMm', 'ario2045', 'JaninaHirsch@airinfo.at', '+43 676 4580311', 'admin', '2020-01-01 00:00:00')
INSERT INTO USER_USER_ROLE (USER_USERNAME, ROLES) VALUES ('ario2045', 'CREW')
INSERT INTO USER (ENABLED, FIRST_NAME, LAST_NAME, PASSWORD, USERNAME, EMAIL, PHONE, CREATE_USER_USERNAME, CREATE_DATE) VALUES(TRUE, 'Christian', 'Schwartz', '$2a$10$0fzFCfocPwei8eeWalkFpOe0RCg8gDYt3L1..bAwVjnL3qgKq2cMm', 'ario2046', 'ChristianSchwartz@airinfo.at', '+43 699280 5462', 'admin', '2020-01-01 00:00:00')
INSERT INTO USER_USER_ROLE (USER_USERNAME, ROLES) VALUES ('ario2046', 'CREW')
INSERT INTO USER (ENABLED, FIRST_NAME, LAST_NAME, PASSWORD, USERNAME, EMAIL, PHONE, CREATE_USER_USERNAME, CREATE_DATE) VALUES(TRUE, 'Steffen', 'Boehm', '$2a$10$0fzFCfocPwei8eeWalkFpOe0RCg8gDYt3L1..bAwVjnL3qgKq2cMm', 'ario2047', 'SteffenBoehm@airinfo.at', '+43 680 7969904', 'admin', '2020-01-01 00:00:00')
INSERT INTO USER_USER_ROLE (USER_USERNAME, ROLES) VALUES ('ario2047', 'CREW')
INSERT INTO USER (ENABLED, FIRST_NAME, LAST_NAME, PASSWORD, USERNAME, EMAIL, PHONE, CREATE_USER_USERNAME, CREATE_DATE) VALUES(TRUE, 'Janina', 'Gaertner', '$2a$10$0fzFCfocPwei8eeWalkFpOe0RCg8gDYt3L1..bAwVjnL3qgKq2cMm', 'ario2048', 'JaninaGaertner@airinfo.at', '+43 699 1511887', 'admin', '2020-01-01 00:00:00')
INSERT INTO USER_USER_ROLE (USER_USERNAME, ROLES) VALUES ('ario2048', 'CREW')
INSERT INTO USER (ENABLED, FIRST_NAME, LAST_NAME, PASSWORD, USERNAME, EMAIL, PHONE, CREATE_USER_USERNAME, CREATE_DATE) VALUES(TRUE, 'Klaus', 'Wannemaker', '$2a$10$0fzFCfocPwei8eeWalkFpOe0RCg8gDYt3L1..bAwVjnL3qgKq2cMm', 'ario2049', 'KlausWannemaker@airinfo.at', '+43 681 3370103', 'admin', '2020-01-01 00:00:00')
INSERT INTO USER_USER_ROLE (USER_USERNAME, ROLES) VALUES ('ario2049', 'CREW')
INSERT INTO USER (ENABLED, FIRST_NAME, LAST_NAME, PASSWORD, USERNAME, EMAIL, PHONE, CREATE_USER_USERNAME, CREATE_DATE) VALUES(TRUE, 'Maik', 'Pfeffer', '$2a$10$0fzFCfocPwei8eeWalkFpOe0RCg8gDYt3L1..bAwVjnL3qgKq2cMm', 'ario2050', 'MaikPfeffer@airinfo.at', '+43 660 8534274', 'admin', '2020-01-01 00:00:00')
INSERT INTO USER_USER_ROLE (USER_USERNAME, ROLES) VALUES ('ario2050', 'CREW')
INSERT INTO USER (ENABLED, FIRST_NAME, LAST_NAME, PASSWORD, USERNAME, EMAIL, PHONE, CREATE_USER_USERNAME, CREATE_DATE) VALUES(TRUE, 'Maria', 'Kortig', '$2a$10$0fzFCfocPwei8eeWalkFpOe0RCg8gDYt3L1..bAwVjnL3qgKq2cMm', 'ario2051', 'MariaKortig@airinfo.at', '+43 699 4799058', 'admin', '2020-01-01 00:00:00')
INSERT INTO USER_USER_ROLE (USER_USERNAME, ROLES) VALUES ('ario2051', 'CREW')
INSERT INTO USER (ENABLED, FIRST_NAME, LAST_NAME, PASSWORD, USERNAME, EMAIL, PHONE, CREATE_USER_USERNAME, CREATE_DATE) VALUES(TRUE, 'Yvonne', 'Foerster', '$2a$10$0fzFCfocPwei8eeWalkFpOe0RCg8gDYt3L1..bAwVjnL3qgKq2cMm', 'ario2052', 'YvonneFoerster@airinfo.at', '+43 650 3035821', 'admin', '2020-01-01 00:00:00')
INSERT INTO USER_USER_ROLE (USER_USERNAME, ROLES) VALUES ('ario2052', 'CREW')
INSERT INTO USER (ENABLED, FIRST_NAME, LAST_NAME, PASSWORD, USERNAME, EMAIL, PHONE, CREATE_USER_USERNAME, CREATE_DATE) VALUES(TRUE, 'Dirk', 'Schreiber', '$2a$10$0fzFCfocPwei8eeWalkFpOe0RCg8gDYt3L1..bAwVjnL3qgKq2cMm', 'ario2053', 'DirkSchreiber@airinfo.at', '+43 681 6290863', 'admin', '2020-01-01 00:00:00')
INSERT INTO USER_USER_ROLE (USER_USERNAME, ROLES) VALUES ('ario2053', 'CREW')
INSERT INTO USER (ENABLED, FIRST_NAME, LAST_NAME, PASSWORD, USERNAME, EMAIL, PHONE, CREATE_USER_USERNAME, CREATE_DATE) VALUES(TRUE, 'Erik', 'Nagel', '$2a$10$0fzFCfocPwei8eeWalkFpOe0RCg8gDYt3L1..bAwVjnL3qgKq2cMm', 'ario2054', 'ErikNagel@airinfo.at', '+43 688 1175683', 'admin', '2020-01-01 00:00:00')
INSERT INTO USER_USER_ROLE (USER_USERNAME, ROLES) VALUES ('ario2054', 'CREW')
INSERT INTO USER (ENABLED, FIRST_NAME, LAST_NAME, PASSWORD, USERNAME, EMAIL, PHONE, CREATE_USER_USERNAME, CREATE_DATE) VALUES(TRUE, 'Steffen', 'Schultheiss', '$2a$10$0fzFCfocPwei8eeWalkFpOe0RCg8gDYt3L1..bAwVjnL3qgKq2cMm', 'ario2055', 'SteffenSchultheiss@airinfo.at', '+43 676 3241887', 'admin', '2020-01-01 00:00:00')
INSERT INTO USER_USER_ROLE (USER_USERNAME, ROLES) VALUES ('ario2055', 'CREW')
INSERT INTO USER (ENABLED, FIRST_NAME, LAST_NAME, PASSWORD, USERNAME, EMAIL, PHONE, CREATE_USER_USERNAME, CREATE_DATE) VALUES(TRUE, 'Ulrike', 'Wagner', '$2a$10$0fzFCfocPwei8eeWalkFpOe0RCg8gDYt3L1..bAwVjnL3qgKq2cMm', 'ario2056', 'UlrikeWagner@airinfo.at', '+43 688 3909615', 'admin', '2020-01-01 00:00:00')
INSERT INTO USER_USER_ROLE (USER_USERNAME, ROLES) VALUES ('ario2056', 'CREW')
INSERT INTO USER (ENABLED, FIRST_NAME, LAST_NAME, PASSWORD, USERNAME, EMAIL, PHONE, CREATE_USER_USERNAME, CREATE_DATE) VALUES(TRUE, 'Jonas', 'Frankfurter', '$2a$10$0fzFCfocPwei8eeWalkFpOe0RCg8gDYt3L1..bAwVjnL3qgKq2cMm', 'ario2057', 'JonasFrankfurter@airinfo.at', '+43 688 7754415', 'admin', '2020-01-01 00:00:00')
INSERT INTO USER_USER_ROLE (USER_USERNAME, ROLES) VALUES ('ario2057', 'CREW')
INSERT INTO USER (ENABLED, FIRST_NAME, LAST_NAME, PASSWORD, USERNAME, EMAIL, PHONE, CREATE_USER_USERNAME, CREATE_DATE) VALUES(TRUE, 'Patrick', 'Eisenhauer', '$2a$10$0fzFCfocPwei8eeWalkFpOe0RCg8gDYt3L1..bAwVjnL3qgKq2cMm', 'ario2058', 'PatrickEisenhauer@airinfo.at', '+43 650 8501650', 'admin', '2020-01-01 00:00:00')
INSERT INTO USER_USER_ROLE (USER_USERNAME, ROLES) VALUES ('ario2058', 'CREW')
INSERT INTO USER (ENABLED, FIRST_NAME, LAST_NAME, PASSWORD, USERNAME, EMAIL, PHONE, CREATE_USER_USERNAME, CREATE_DATE) VALUES(TRUE, 'Sebastian', 'Schäfer', '$2a$10$0fzFCfocPwei8eeWalkFpOe0RCg8gDYt3L1..bAwVjnL3qgKq2cMm', 'ario2059', 'SebastianSchaefer@airinfo.at', '+43 681 8444323', 'admin', '2020-01-01 00:00:00')
INSERT INTO USER_USER_ROLE (USER_USERNAME, ROLES) VALUES ('ario2059', 'CREW')
INSERT INTO USER (ENABLED, FIRST_NAME, LAST_NAME, PASSWORD, USERNAME, EMAIL, PHONE, CREATE_USER_USERNAME, CREATE_DATE) VALUES(TRUE, 'Bernd', 'Frei', '$2a$10$0fzFCfocPwei8eeWalkFpOe0RCg8gDYt3L1..bAwVjnL3qgKq2cMm', 'ario2060', 'BerndFrei@airinfo.at', '+43 699 9374967', 'admin', '2020-01-01 00:00:00')
INSERT INTO USER_USER_ROLE (USER_USERNAME, ROLES) VALUES ('ario2060', 'CREW')
INSERT INTO USER (ENABLED, FIRST_NAME, LAST_NAME, PASSWORD, USERNAME, EMAIL, PHONE, CREATE_USER_USERNAME, CREATE_DATE) VALUES(TRUE, 'Niklas', 'Bader', '$2a$10$0fzFCfocPwei8eeWalkFpOe0RCg8gDYt3L1..bAwVjnL3qgKq2cMm', 'ario2061', 'NiklasBader@airinfo.at', '+43 88 2223830', 'admin', '2020-01-01 00:00:00')
INSERT INTO USER_USER_ROLE (USER_USERNAME, ROLES) VALUES ('ario2061', 'CREW')
INSERT INTO USER (ENABLED, FIRST_NAME, LAST_NAME, PASSWORD, USERNAME, EMAIL, PHONE, CREATE_USER_USERNAME, CREATE_DATE) VALUES(TRUE, 'Karolin', 'Faber', '$2a$10$0fzFCfocPwei8eeWalkFpOe0RCg8gDYt3L1..bAwVjnL3qgKq2cMm', 'ario2062', 'KarolinFaber@airinfo.at', '+43 681 7443165', 'admin', '2020-01-01 00:00:00')
INSERT INTO USER_USER_ROLE (USER_USERNAME, ROLES) VALUES ('ario2062', 'CREW')
INSERT INTO USER (ENABLED, FIRST_NAME, LAST_NAME, PASSWORD, USERNAME, EMAIL, PHONE, CREATE_USER_USERNAME, CREATE_DATE) VALUES(TRUE, 'Kerstin', 'Gerber', '$2a$10$0fzFCfocPwei8eeWalkFpOe0RCg8gDYt3L1..bAwVjnL3qgKq2cMm', 'ario2063', 'KerstinGerber@airinfo.at', '+43 676 6761880', 'admin', '2020-01-01 00:00:00')
INSERT INTO USER_USER_ROLE (USER_USERNAME, ROLES) VALUES ('ario2063', 'CREW')
INSERT INTO USER (ENABLED, FIRST_NAME, LAST_NAME, PASSWORD, USERNAME, EMAIL, PHONE, CREATE_USER_USERNAME, CREATE_DATE) VALUES(TRUE, 'Leah', 'Osterhagen', '$2a$10$0fzFCfocPwei8eeWalkFpOe0RCg8gDYt3L1..bAwVjnL3qgKq2cMm', 'ario2064', 'LeahOsterhagen@airinfo.at', '+43 688 2212608', 'admin', '2020-01-01 00:00:00')
INSERT INTO USER_USER_ROLE (USER_USERNAME, ROLES) VALUES ('ario2064', 'CREW')
INSERT INTO USER (ENABLED, FIRST_NAME, LAST_NAME, PASSWORD, USERNAME, EMAIL, PHONE, CREATE_USER_USERNAME, CREATE_DATE) VALUES(TRUE, 'Michael', 'Breu', '$2a$10$0fzFCfocPwei8eeWalkFpOe0RCg8gDYt3L1..bAwVjnL3qgKq2cMm', 'ario2065', 'MichaelBreu@airinfo.at', '+43 664 7428694', 'admin', '2020-01-01 00:00:00')
INSERT INTO USER_USER_ROLE (USER_USERNAME, ROLES) VALUES ('ario2065', 'CREW')
INSERT INTO USER (ENABLED, FIRST_NAME, LAST_NAME, PASSWORD, USERNAME, EMAIL, PHONE, CREATE_USER_USERNAME, CREATE_DATE) VALUES(TRUE, 'Marina', 'Kohl', '$2a$10$0fzFCfocPwei8eeWalkFpOe0RCg8gDYt3L1..bAwVjnL3qgKq2cMm', 'ario2066', 'MarinaKohl@airinfo.at', '+43 699 8036148', 'admin', '2020-01-01 00:00:00')
INSERT INTO USER_USER_ROLE (USER_USERNAME, ROLES) VALUES ('ario2066', 'CREW')
INSERT INTO USER (ENABLED, FIRST_NAME, LAST_NAME, PASSWORD, USERNAME, EMAIL, PHONE, CREATE_USER_USERNAME, CREATE_DATE) VALUES(TRUE, 'Ralph', 'Eberhardt', '$2a$10$0fzFCfocPwei8eeWalkFpOe0RCg8gDYt3L1..bAwVjnL3qgKq2cMm', 'ario2067', 'RalphEberhardt@airinfo.at', '+43 664 9760505', 'admin', '2020-01-01 00:00:00')
INSERT INTO USER_USER_ROLE (USER_USERNAME, ROLES) VALUES ('ario2067', 'CREW')
INSERT INTO USER (ENABLED, FIRST_NAME, LAST_NAME, PASSWORD, USERNAME, EMAIL, PHONE, CREATE_USER_USERNAME, CREATE_DATE) VALUES(TRUE, 'Sven', 'Werfel', '$2a$10$0fzFCfocPwei8eeWalkFpOe0RCg8gDYt3L1..bAwVjnL3qgKq2cMm', 'ario2068', 'SvenWerfel@airinfo.at', '+43 688 2895342', 'admin', '2020-01-01 00:00:00')
INSERT INTO USER_USER_ROLE (USER_USERNAME, ROLES) VALUES ('ario2068', 'CREW')
INSERT INTO USER (ENABLED, FIRST_NAME, LAST_NAME, PASSWORD, USERNAME, EMAIL, PHONE, CREATE_USER_USERNAME, CREATE_DATE) VALUES(TRUE, 'Frank', 'Junker', '$2a$10$0fzFCfocPwei8eeWalkFpOe0RCg8gDYt3L1..bAwVjnL3qgKq2cMm', 'ario2069', 'FrankJunker@airinfo.at', '+43 681 6735164', 'admin', '2020-01-01 00:00:00')
INSERT INTO USER_USER_ROLE (USER_USERNAME, ROLES) VALUES ('ario2069', 'CREW')
INSERT INTO USER (ENABLED, FIRST_NAME, LAST_NAME, PASSWORD, USERNAME, EMAIL, PHONE, CREATE_USER_USERNAME, CREATE_DATE) VALUES(TRUE, 'Tim', 'Fiedler', '$2a$10$0fzFCfocPwei8eeWalkFpOe0RCg8gDYt3L1..bAwVjnL3qgKq2cMm', 'ario2070', 'TimFiedler@airinfo.at', '+43 699 8216118', 'admin', '2020-01-01 00:00:00')
INSERT INTO USER_USER_ROLE (USER_USERNAME, ROLES) VALUES ('ario2070', 'CREW')
INSERT INTO USER (ENABLED, FIRST_NAME, LAST_NAME, PASSWORD, USERNAME, EMAIL, PHONE, CREATE_USER_USERNAME, CREATE_DATE) VALUES(TRUE, 'Franziska', 'Baum', '$2a$10$0fzFCfocPwei8eeWalkFpOe0RCg8gDYt3L1..bAwVjnL3qgKq2cMm', 'ario2071', 'FranziskaBaum@airinfo.at', '+43 681 2820397', 'admin', '2020-01-01 00:00:00')
INSERT INTO USER_USER_ROLE (USER_USERNAME, ROLES) VALUES ('ario2071', 'CREW')
INSERT INTO USER (ENABLED, FIRST_NAME, LAST_NAME, PASSWORD, USERNAME, EMAIL, PHONE, CREATE_USER_USERNAME, CREATE_DATE) VALUES(TRUE, 'Uta', 'Oster', '$2a$10$0fzFCfocPwei8eeWalkFpOe0RCg8gDYt3L1..bAwVjnL3qgKq2cMm', 'ario2072', 'UtaOster@airinfo.at', '+43 676 4941330', 'admin', '2020-01-01 00:00:00')
INSERT INTO USER_USER_ROLE (USER_USERNAME, ROLES) VALUES ('ario2072', 'CREW')
INSERT INTO USER (ENABLED, FIRST_NAME, LAST_NAME, PASSWORD, USERNAME, EMAIL, PHONE, CREATE_USER_USERNAME, CREATE_DATE) VALUES(TRUE, 'Maximilian', 'Wulf', '$2a$10$0fzFCfocPwei8eeWalkFpOe0RCg8gDYt3L1..bAwVjnL3qgKq2cMm', 'ario2073', 'MaximilianWulf@airinfo.at', '+43 664 1892463', 'admin', '2020-01-01 00:00:00')
INSERT INTO USER_USER_ROLE (USER_USERNAME, ROLES) VALUES ('ario2073', 'CREW')
INSERT INTO USER (ENABLED, FIRST_NAME, LAST_NAME, PASSWORD, USERNAME, EMAIL, PHONE, CREATE_USER_USERNAME, CREATE_DATE) VALUES(TRUE, 'Melanie', 'Wexler', '$2a$10$0fzFCfocPwei8eeWalkFpOe0RCg8gDYt3L1..bAwVjnL3qgKq2cMm', 'ario2074', 'MelanieWexler@airinfo.at', '+43 676 1973526', 'admin', '2020-01-01 00:00:00')
INSERT INTO USER_USER_ROLE (USER_USERNAME, ROLES) VALUES ('ario2074', 'CREW')
INSERT INTO USER (ENABLED, FIRST_NAME, LAST_NAME, PASSWORD, USERNAME, EMAIL, PHONE, CREATE_USER_USERNAME, CREATE_DATE) VALUES(TRUE, 'Daniela', 'Sanger', '$2a$10$0fzFCfocPwei8eeWalkFpOe0RCg8gDYt3L1..bAwVjnL3qgKq2cMm', 'ario2075', 'DanielaSanger@airinfo.at', '+43 688 1579679', 'admin', '2020-01-01 00:00:00')
INSERT INTO USER_USER_ROLE (USER_USERNAME, ROLES) VALUES ('ario2075', 'CREW')
INSERT INTO USER (ENABLED, FIRST_NAME, LAST_NAME, PASSWORD, USERNAME, EMAIL, PHONE, CREATE_USER_USERNAME, CREATE_DATE) VALUES(TRUE, 'Juliane', 'Koertig', '$2a$10$0fzFCfocPwei8eeWalkFpOe0RCg8gDYt3L1..bAwVjnL3qgKq2cMm', 'ario2076', 'JulianeKoertig@airinfo.at', '+43 681 5844365', 'admin', '2020-01-01 00:00:00')
INSERT INTO USER_USER_ROLE (USER_USERNAME, ROLES) VALUES ('ario2076', 'CREW')
INSERT INTO USER (ENABLED, FIRST_NAME, LAST_NAME, PASSWORD, USERNAME, EMAIL, PHONE, CREATE_USER_USERNAME, CREATE_DATE) VALUES(TRUE, 'Katrin', 'Huber', '$2a$10$0fzFCfocPwei8eeWalkFpOe0RCg8gDYt3L1..bAwVjnL3qgKq2cMm', 'ario2077', 'KatrinHuber@airinfo.at', '+43 660 699 9292228', 'admin', '2020-01-01 00:00:00')
INSERT INTO USER_USER_ROLE (USER_USERNAME, ROLES) VALUES ('ario2077', 'CREW')
INSERT INTO USER (ENABLED, FIRST_NAME, LAST_NAME, PASSWORD, USERNAME, EMAIL, PHONE, CREATE_USER_USERNAME, CREATE_DATE) VALUES(TRUE, 'Christoph', 'Wittauer', '$2a$10$0fzFCfocPwei8eeWalkFpOe0RCg8gDYt3L1..bAwVjnL3qgKq2cMm', 'ario2078', 'ChristophWittauer@airinfo.at', '+43 660 6373694', 'admin', '2020-01-01 00:00:00')
INSERT INTO USER_USER_ROLE (USER_USERNAME, ROLES) VALUES ('ario2078', 'CREW')
INSERT INTO USER (ENABLED, FIRST_NAME, LAST_NAME, PASSWORD, USERNAME, EMAIL, PHONE, CREATE_USER_USERNAME, CREATE_DATE) VALUES(TRUE, 'Philipp', 'Schießl', '$2a$10$0fzFCfocPwei8eeWalkFpOe0RCg8gDYt3L1..bAwVjnL3qgKq2cMm', 'ario2079', 'PhilippSchießl@airinfo.at', '+43 664 5358532', 'admin', '2020-01-01 00:00:00')
INSERT INTO USER_USER_ROLE (USER_USERNAME, ROLES) VALUES ('ario2079', 'CREW')
INSERT INTO USER (ENABLED, FIRST_NAME, LAST_NAME, PASSWORD, USERNAME, EMAIL, PHONE, CREATE_USER_USERNAME, CREATE_DATE) VALUES(TRUE, 'Benedikt', 'Schenk', '$2a$10$0fzFCfocPwei8eeWalkFpOe0RCg8gDYt3L1..bAwVjnL3qgKq2cMm', 'ario2080', 'BenediktSchenk@airinfo.at', '+43 664 8279192', 'admin', '2020-01-01 00:00:00')
INSERT INTO USER_USER_ROLE (USER_USERNAME, ROLES) VALUES ('ario2080', 'CREW')
INSERT INTO USER (ENABLED, FIRST_NAME, LAST_NAME, PASSWORD, USERNAME, EMAIL, PHONE, CREATE_USER_USERNAME, CREATE_DATE) VALUES(TRUE, 'David', 'Meyer', '$2a$10$0fzFCfocPwei8eeWalkFpOe0RCg8gDYt3L1..bAwVjnL3qgKq2cMm', 'ario2081', 'DavidMeyer@airinfo.at', '+43 660 3918693', 'admin', '2020-01-01 00:00:00')
INSERT INTO USER_USER_ROLE (USER_USERNAME, ROLES) VALUES ('ario2081', 'CREW')
INSERT INTO USER (ENABLED, FIRST_NAME, LAST_NAME, PASSWORD, USERNAME, EMAIL, PHONE, CREATE_USER_USERNAME, CREATE_DATE) VALUES(TRUE, 'Julia', 'Moench', '$2a$10$0fzFCfocPwei8eeWalkFpOe0RCg8gDYt3L1..bAwVjnL3qgKq2cMm', 'ario2082', 'JuliaMoench@airinfo.at', '+43 650 5321590', 'admin', '2020-01-01 00:00:00')
INSERT INTO USER_USER_ROLE (USER_USERNAME, ROLES) VALUES ('ario2082', 'CREW')
INSERT INTO USER (ENABLED, FIRST_NAME, LAST_NAME, PASSWORD, USERNAME, EMAIL, PHONE, CREATE_USER_USERNAME, CREATE_DATE) VALUES(TRUE, 'Matthias', 'Busch', '$2a$10$0fzFCfocPwei8eeWalkFpOe0RCg8gDYt3L1..bAwVjnL3qgKq2cMm', 'ario2083', 'MatthiasBusch@airinfo.at', '+43 676 9979895', 'admin', '2020-01-01 00:00:00')
INSERT INTO USER_USER_ROLE (USER_USERNAME, ROLES) VALUES ('ario2083', 'CREW')
INSERT INTO USER (ENABLED, FIRST_NAME, LAST_NAME, PASSWORD, USERNAME, EMAIL, PHONE, CREATE_USER_USERNAME, CREATE_DATE) VALUES(TRUE, 'Alexander', 'Maier', '$2a$10$0fzFCfocPwei8eeWalkFpOe0RCg8gDYt3L1..bAwVjnL3qgKq2cMm', 'ario2084', 'AlexanderMaier@airinfo.at', '+43 664 3480230', 'admin', '2020-01-01 00:00:00')
INSERT INTO USER_USER_ROLE (USER_USERNAME, ROLES) VALUES ('ario2084', 'CREW')
INSERT INTO USER (ENABLED, FIRST_NAME, LAST_NAME, PASSWORD, USERNAME, EMAIL, PHONE, CREATE_USER_USERNAME, CREATE_DATE) VALUES(TRUE, 'Vanessa', 'Eberhardt', '$2a$10$0fzFCfocPwei8eeWalkFpOe0RCg8gDYt3L1..bAwVjnL3qgKq2cMm', 'ario2085', 'VanessaEberhardt@airinfo.at', '+43 680 3190871', 'admin', '2020-01-01 00:00:00')
INSERT INTO USER_USER_ROLE (USER_USERNAME, ROLES) VALUES ('ario2085', 'CREW')
INSERT INTO USER (ENABLED, FIRST_NAME, LAST_NAME, PASSWORD, USERNAME, EMAIL, PHONE, CREATE_USER_USERNAME, CREATE_DATE) VALUES(TRUE, 'Christin', 'Ebersbacher', '$2a$10$0fzFCfocPwei8eeWalkFpOe0RCg8gDYt3L1..bAwVjnL3qgKq2cMm', 'ario2086', 'ChristinEbersbacher@airinfo.at', '+43 680 2764489', 'admin', '2020-01-01 00:00:00')
INSERT INTO USER_USER_ROLE (USER_USERNAME, ROLES) VALUES ('ario2086', 'CREW')
INSERT INTO USER (ENABLED, FIRST_NAME, LAST_NAME, PASSWORD, USERNAME, EMAIL, PHONE, CREATE_USER_USERNAME, CREATE_DATE) VALUES(TRUE, 'Mario', 'Fiedler', '$2a$10$0fzFCfocPwei8eeWalkFpOe0RCg8gDYt3L1..bAwVjnL3qgKq2cMm', 'ario2087', 'MarioFiedler@airinfo.at', '+43 699 5474514', 'admin', '2020-01-01 00:00:00')
INSERT INTO USER_USER_ROLE (USER_USERNAME, ROLES) VALUES ('ario2087', 'CREW')
INSERT INTO USER (ENABLED, FIRST_NAME, LAST_NAME, PASSWORD, USERNAME, EMAIL, PHONE, CREATE_USER_USERNAME, CREATE_DATE) VALUES(TRUE, 'Steffen', 'Ackerman', '$2a$10$0fzFCfocPwei8eeWalkFpOe0RCg8gDYt3L1..bAwVjnL3qgKq2cMm', 'ario2088', 'SteffenAckerman@airinfo.at', '+43 660 9486444', 'admin', '2020-01-01 00:00:00')
INSERT INTO USER_USER_ROLE (USER_USERNAME, ROLES) VALUES ('ario2088', 'CREW')
INSERT INTO USER (ENABLED, FIRST_NAME, LAST_NAME, PASSWORD, USERNAME, EMAIL, PHONE, CREATE_USER_USERNAME, CREATE_DATE) VALUES(TRUE, 'Birgit', 'Burger', '$2a$10$0fzFCfocPwei8eeWalkFpOe0RCg8gDYt3L1..bAwVjnL3qgKq2cMm', 'ario2089', 'BirgitBurger@airinfo.at', '+43 650 9635214', 'admin', '2020-01-01 00:00:00')
INSERT INTO USER_USER_ROLE (USER_USERNAME, ROLES) VALUES ('ario2089', 'CREW')
INSERT INTO USER (ENABLED, FIRST_NAME, LAST_NAME, PASSWORD, USERNAME, EMAIL, PHONE, CREATE_USER_USERNAME, CREATE_DATE) VALUES(TRUE, 'Kevin', 'Herz', '$2a$10$0fzFCfocPwei8eeWalkFpOe0RCg8gDYt3L1..bAwVjnL3qgKq2cMm', 'ario2090', 'KevinHerz@airinfo.at', '+43 688 3913670', 'admin', '2020-01-01 00:00:00')
INSERT INTO USER_USER_ROLE (USER_USERNAME, ROLES) VALUES ('ario2090', 'CREW')
INSERT INTO USER (ENABLED, FIRST_NAME, LAST_NAME, PASSWORD, USERNAME, EMAIL, PHONE, CREATE_USER_USERNAME, CREATE_DATE) VALUES(TRUE, 'Alexander', 'Kirsch', '$2a$10$0fzFCfocPwei8eeWalkFpOe0RCg8gDYt3L1..bAwVjnL3qgKq2cMm', 'ario2091', 'AlexanderKirsch@airinfo.at', '+43 664 7501124', 'admin', '2020-01-01 00:00:00')
INSERT INTO USER_USER_ROLE (USER_USERNAME, ROLES) VALUES ('ario2091', 'CREW')
INSERT INTO USER (ENABLED, FIRST_NAME, LAST_NAME, PASSWORD, USERNAME, EMAIL, PHONE, CREATE_USER_USERNAME, CREATE_DATE) VALUES(TRUE, 'Ralf', 'Lehmann', '$2a$10$0fzFCfocPwei8eeWalkFpOe0RCg8gDYt3L1..bAwVjnL3qgKq2cMm', 'ario2092', 'RalfLehmann@airinfo.at', '+43 664 1157859', 'admin', '2020-01-01 00:00:00')
INSERT INTO USER_USER_ROLE (USER_USERNAME, ROLES) VALUES ('ario2092', 'CREW')
INSERT INTO USER (ENABLED, FIRST_NAME, LAST_NAME, PASSWORD, USERNAME, EMAIL, PHONE, CREATE_USER_USERNAME, CREATE_DATE) VALUES(TRUE, 'Anna', 'Koch', '$2a$10$0fzFCfocPwei8eeWalkFpOe0RCg8gDYt3L1..bAwVjnL3qgKq2cMm', 'ario2093', 'AnnaKoch@airinfo.at', '+43 660 8614381', 'admin', '2020-01-01 00:00:00')
INSERT INTO USER_USER_ROLE (USER_USERNAME, ROLES) VALUES ('ario2093', 'CREW')
INSERT INTO USER (ENABLED, FIRST_NAME, LAST_NAME, PASSWORD, USERNAME, EMAIL, PHONE, CREATE_USER_USERNAME, CREATE_DATE) VALUES(TRUE, 'Yvonne', 'Fleischer', '$2a$10$0fzFCfocPwei8eeWalkFpOe0RCg8gDYt3L1..bAwVjnL3qgKq2cMm', 'ario2094', 'YvonneFleischer@airinfo.at', '+43 676 9850296', 'admin', '2020-01-01 00:00:00')
INSERT INTO USER_USER_ROLE (USER_USERNAME, ROLES) VALUES ('ario2094', 'CREW')
INSERT INTO USER (ENABLED, FIRST_NAME, LAST_NAME, PASSWORD, USERNAME, EMAIL, PHONE, CREATE_USER_USERNAME, CREATE_DATE) VALUES(TRUE, 'Markus', 'Scholz', '$2a$10$0fzFCfocPwei8eeWalkFpOe0RCg8gDYt3L1..bAwVjnL3qgKq2cMm', 'ario2095', 'MarkusScholz@airinfo.at', '+43 681 3472121', 'admin', '2020-01-01 00:00:00')
INSERT INTO USER_USER_ROLE (USER_USERNAME, ROLES) VALUES ('ario2095', 'CREW')
INSERT INTO USER (ENABLED, FIRST_NAME, LAST_NAME, PASSWORD, USERNAME, EMAIL, PHONE, CREATE_USER_USERNAME, CREATE_DATE) VALUES(TRUE, 'Oscar', 'Brady', '$2a$10$0fzFCfocPwei8eeWalkFpOe0RCg8gDYt3L1..bAwVjnL3qgKq2cMm', 'ario2096', 'OscarBrady@airinfo.at', '+43 681 1406013', 'admin', '2020-01-01 00:00:00')
INSERT INTO USER_USER_ROLE (USER_USERNAME, ROLES) VALUES ('ario2096', 'CREW')
INSERT INTO USER (ENABLED, FIRST_NAME, LAST_NAME, PASSWORD, USERNAME, EMAIL, PHONE, CREATE_USER_USERNAME, CREATE_DATE) VALUES(TRUE, 'Natasha', 'Ross', '$2a$10$0fzFCfocPwei8eeWalkFpOe0RCg8gDYt3L1..bAwVjnL3qgKq2cMm', 'ario2097', 'NatashaRoss@airinfo.at', '+43 681 3303982', 'admin', '2020-01-01 00:00:00')
INSERT INTO USER_USER_ROLE (USER_USERNAME, ROLES) VALUES ('ario2097', 'CREW')
INSERT INTO USER (ENABLED, FIRST_NAME, LAST_NAME, PASSWORD, USERNAME, EMAIL, PHONE, CREATE_USER_USERNAME, CREATE_DATE) VALUES(TRUE, 'Billy', 'Gardiner', '$2a$10$0fzFCfocPwei8eeWalkFpOe0RCg8gDYt3L1..bAwVjnL3qgKq2cMm', 'ario2098', 'BillyGardiner@airinfo.at', '+43 680 8323605', 'admin', '2020-01-01 00:00:00')
INSERT INTO USER_USER_ROLE (USER_USERNAME, ROLES) VALUES ('ario2098', 'CREW')
INSERT INTO USER (ENABLED, FIRST_NAME, LAST_NAME, PASSWORD, USERNAME, EMAIL, PHONE, CREATE_USER_USERNAME, CREATE_DATE) VALUES(TRUE, 'Jessica', 'Walsh', '$2a$10$0fzFCfocPwei8eeWalkFpOe0RCg8gDYt3L1..bAwVjnL3qgKq2cMm', 'ario2099', 'JessicaWalsh@airinfo.at', '+43 676 5164131', 'admin', '2020-01-01 00:00:00')
INSERT INTO USER_USER_ROLE (USER_USERNAME, ROLES) VALUES ('ario2099', 'CREW')
INSERT INTO USER (ENABLED, FIRST_NAME, LAST_NAME, PASSWORD, USERNAME, EMAIL, PHONE, CREATE_USER_USERNAME, CREATE_DATE) VALUES(TRUE, 'Charlotte', 'Mellor', '$2a$10$0fzFCfocPwei8eeWalkFpOe0RCg8gDYt3L1..bAwVjnL3qgKq2cMm', 'ario2100', 'CharlotteMellor@airinfo.at', '+43 681 8793928', 'admin', '2020-01-01 00:00:00')
INSERT INTO USER_USER_ROLE (USER_USERNAME, ROLES) VALUES ('ario2100', 'CREW')
INSERT INTO USER (ENABLED, FIRST_NAME, LAST_NAME, PASSWORD, USERNAME, EMAIL, PHONE, CREATE_USER_USERNAME, CREATE_DATE) VALUES(TRUE, 'Niamh', 'Ford', '$2a$10$0fzFCfocPwei8eeWalkFpOe0RCg8gDYt3L1..bAwVjnL3qgKq2cMm', 'ario2101', 'NiamhFord@airinfo.at', '+43 676 6705596', 'admin', '2020-01-01 00:00:00')
INSERT INTO USER_USER_ROLE (USER_USERNAME, ROLES) VALUES ('ario2101', 'CREW')
INSERT INTO USER (ENABLED, FIRST_NAME, LAST_NAME, PASSWORD, USERNAME, EMAIL, PHONE, CREATE_USER_USERNAME, CREATE_DATE) VALUES(TRUE, 'Mason', 'Fox', '$2a$10$0fzFCfocPwei8eeWalkFpOe0RCg8gDYt3L1..bAwVjnL3qgKq2cMm', 'ario2102', 'MasonFox@airinfo.at', '+43 699 2319852', 'admin', '2020-01-01 00:00:00')
INSERT INTO USER_USER_ROLE (USER_USERNAME, ROLES) VALUES ('ario2102', 'CREW')
INSERT INTO USER (ENABLED, FIRST_NAME, LAST_NAME, PASSWORD, USERNAME, EMAIL, PHONE, CREATE_USER_USERNAME, CREATE_DATE) VALUES(TRUE, 'Logan', 'Arnold', '$2a$10$0fzFCfocPwei8eeWalkFpOe0RCg8gDYt3L1..bAwVjnL3qgKq2cMm', 'ario2103', 'LoganArnold@airinfo.at', '+43 676 4458332', 'admin', '2020-01-01 00:00:00')
INSERT INTO USER_USER_ROLE (USER_USERNAME, ROLES) VALUES ('ario2103', 'CREW')
INSERT INTO USER (ENABLED, FIRST_NAME, LAST_NAME, PASSWORD, USERNAME, EMAIL, PHONE, CREATE_USER_USERNAME, CREATE_DATE) VALUES(TRUE, 'Aidan', 'Knowles', '$2a$10$0fzFCfocPwei8eeWalkFpOe0RCg8gDYt3L1..bAwVjnL3qgKq2cMm', 'ario2104', 'AidanKnowles@airinfo.at', '+43 660 1303405', 'admin', '2020-01-01 00:00:00')
INSERT INTO USER_USER_ROLE (USER_USERNAME, ROLES) VALUES ('ario2104', 'CREW')
INSERT INTO USER (ENABLED, FIRST_NAME, LAST_NAME, PASSWORD, USERNAME, EMAIL, PHONE, CREATE_USER_USERNAME, CREATE_DATE) VALUES(TRUE, 'Henry', 'Harper', '$2a$10$0fzFCfocPwei8eeWalkFpOe0RCg8gDYt3L1..bAwVjnL3qgKq2cMm', 'ario2105', 'HenryHarper@airinfo.at', '+43 681 7303227', 'admin', '2020-01-01 00:00:00')
INSERT INTO USER_USER_ROLE (USER_USERNAME, ROLES) VALUES ('ario2105', 'CREW')
INSERT INTO USER (ENABLED, FIRST_NAME, LAST_NAME, PASSWORD, USERNAME, EMAIL, PHONE, CREATE_USER_USERNAME, CREATE_DATE) VALUES(TRUE, 'Matthew', 'Holmes', '$2a$10$0fzFCfocPwei8eeWalkFpOe0RCg8gDYt3L1..bAwVjnL3qgKq2cMm', 'ario2106', 'MatthewHolmes@airinfo.at', '+43 699 3768769', 'admin', '2020-01-01 00:00:00')
INSERT INTO USER_USER_ROLE (USER_USERNAME, ROLES) VALUES ('ario2106', 'CREW')
INSERT INTO USER (ENABLED, FIRST_NAME, LAST_NAME, PASSWORD, USERNAME, EMAIL, PHONE, CREATE_USER_USERNAME, CREATE_DATE) VALUES(TRUE, 'Sophia', 'Flynn', '$2a$10$0fzFCfocPwei8eeWalkFpOe0RCg8gDYt3L1..bAwVjnL3qgKq2cMm', 'ario2107', 'SophiaFlynn@airinfo.at', '+43 680 3751239', 'admin', '2020-01-01 00:00:00')
INSERT INTO USER_USER_ROLE (USER_USERNAME, ROLES) VALUES ('ario2107', 'CREW')
INSERT INTO USER (ENABLED, FIRST_NAME, LAST_NAME, PASSWORD, USERNAME, EMAIL, PHONE, CREATE_USER_USERNAME, CREATE_DATE) VALUES(TRUE, 'Dylan', 'Powell', '$2a$10$0fzFCfocPwei8eeWalkFpOe0RCg8gDYt3L1..bAwVjnL3qgKq2cMm', 'ario2108', 'DylanPowell@airinfo.at', '+43 681 7742130', 'admin', '2020-01-01 00:00:00')
INSERT INTO USER_USER_ROLE (USER_USERNAME, ROLES) VALUES ('ario2108', 'CREW')
INSERT INTO USER (ENABLED, FIRST_NAME, LAST_NAME, PASSWORD, USERNAME, EMAIL, PHONE, CREATE_USER_USERNAME, CREATE_DATE) VALUES(TRUE, 'Lewis', 'Cox', '$2a$10$0fzFCfocPwei8eeWalkFpOe0RCg8gDYt3L1..bAwVjnL3qgKq2cMm', 'ario2109', 'LewisCox@airinfo.at', '+43 688 2974757', 'admin', '2020-01-01 00:00:00')
INSERT INTO USER_USER_ROLE (USER_USERNAME, ROLES) VALUES ('ario2109', 'CREW')
INSERT INTO USER (ENABLED, FIRST_NAME, LAST_NAME, PASSWORD, USERNAME, EMAIL, PHONE, CREATE_USER_USERNAME, CREATE_DATE) VALUES(TRUE, 'Isobel', 'Short', '$2a$10$0fzFCfocPwei8eeWalkFpOe0RCg8gDYt3L1..bAwVjnL3qgKq2cMm', 'ario2110', 'IsobelShort@airinfo.at', '+43 664 2262269', 'admin', '2020-01-01 00:00:00')
INSERT INTO USER_USER_ROLE (USER_USERNAME, ROLES) VALUES ('ario2110', 'CREW')
INSERT INTO USER (ENABLED, FIRST_NAME, LAST_NAME, PASSWORD, USERNAME, EMAIL, PHONE, CREATE_USER_USERNAME, CREATE_DATE) VALUES(TRUE, 'Summer', 'Barker', '$2a$10$0fzFCfocPwei8eeWalkFpOe0RCg8gDYt3L1..bAwVjnL3qgKq2cMm', 'ario2111', 'SummerBarke@airinfo.at', '+43 650 2503181', 'admin', '2020-01-01 00:00:00')
INSERT INTO USER_USER_ROLE (USER_USERNAME, ROLES) VALUES ('ario2111', 'CREW')
INSERT INTO USER (ENABLED, FIRST_NAME, LAST_NAME, PASSWORD, USERNAME, EMAIL, PHONE, CREATE_USER_USERNAME, CREATE_DATE) VALUES(TRUE, 'Francesca', 'Reynolds', '$2a$10$0fzFCfocPwei8eeWalkFpOe0RCg8gDYt3L1..bAwVjnL3qgKq2cMm', 'ario2112', 'FrancescaReynolds@airinfo.at', '+43 680 8714211', 'admin', '2020-01-01 00:00:00')
INSERT INTO USER_USER_ROLE (USER_USERNAME, ROLES) VALUES ('ario2112', 'CREW')
INSERT INTO USER (ENABLED, FIRST_NAME, LAST_NAME, PASSWORD, USERNAME, EMAIL, PHONE, CREATE_USER_USERNAME, CREATE_DATE) VALUES(TRUE, 'Skye', 'Law', '$2a$10$0fzFCfocPwei8eeWalkFpOe0RCg8gDYt3L1..bAwVjnL3qgKq2cMm', 'ario2113', 'SkyeLaw@airinfo.at', '+43 688 5903648', 'admin', '2020-01-01 00:00:00')
INSERT INTO USER_USER_ROLE (USER_USERNAME, ROLES) VALUES ('ario2113', 'CREW')
INSERT INTO USER (ENABLED, FIRST_NAME, LAST_NAME, PASSWORD, USERNAME, EMAIL, PHONE, CREATE_USER_USERNAME, CREATE_DATE) VALUES(TRUE, 'Harley', 'Grant', '$2a$10$0fzFCfocPwei8eeWalkFpOe0RCg8gDYt3L1..bAwVjnL3qgKq2cMm', 'ario2114', 'HarleyGrant@airinfo.at', '+43 699 8451900', 'admin', '2020-01-01 00:00:00')
INSERT INTO USER_USER_ROLE (USER_USERNAME, ROLES) VALUES ('ario2114', 'CREW')
INSERT INTO USER (ENABLED, FIRST_NAME, LAST_NAME, PASSWORD, USERNAME, EMAIL, PHONE, CREATE_USER_USERNAME, CREATE_DATE) VALUES(TRUE, 'Shannon', 'Conway', '$2a$10$0fzFCfocPwei8eeWalkFpOe0RCg8gDYt3L1..bAwVjnL3qgKq2cMm', 'ario2115', 'ShannonConway@airinfo.at', '+43 650 8497485', 'admin', '2020-01-01 00:00:00')
INSERT INTO USER_USER_ROLE (USER_USERNAME, ROLES) VALUES ('ario2115', 'CREW')
INSERT INTO USER (ENABLED, FIRST_NAME, LAST_NAME, PASSWORD, USERNAME, EMAIL, PHONE, CREATE_USER_USERNAME, CREATE_DATE) VALUES(TRUE, 'Jacob', 'Quinn', '$2a$10$0fzFCfocPwei8eeWalkFpOe0RCg8gDYt3L1..bAwVjnL3qgKq2cMm', 'ario2116', 'JacobQuinn@airinfo.at', '+43 680 9589118', 'admin', '2020-01-01 00:00:00')
INSERT INTO USER_USER_ROLE (USER_USERNAME, ROLES) VALUES ('ario2116', 'CREW')
INSERT INTO USER (ENABLED, FIRST_NAME, LAST_NAME, PASSWORD, USERNAME, EMAIL, PHONE, CREATE_USER_USERNAME, CREATE_DATE) VALUES(TRUE, 'Zara', 'Barry', '$2a$10$0fzFCfocPwei8eeWalkFpOe0RCg8gDYt3L1..bAwVjnL3qgKq2cMm', 'ario2117', 'ZaraBarry@airinfo.at', '+43 681 7132529', 'admin', '2020-01-01 00:00:00')
INSERT INTO USER_USER_ROLE (USER_USERNAME, ROLES) VALUES ('ario2117', 'CREW')
INSERT INTO USER (ENABLED, FIRST_NAME, LAST_NAME, PASSWORD, USERNAME, EMAIL, PHONE, CREATE_USER_USERNAME, CREATE_DATE) VALUES(TRUE, 'Tia', 'Thompson', '$2a$10$0fzFCfocPwei8eeWalkFpOe0RCg8gDYt3L1..bAwVjnL3qgKq2cMm', 'ario2118', 'TiaThompson@airinfo.at', '+43 681 1910714', 'admin', '2020-01-01 00:00:00')
INSERT INTO USER_USER_ROLE (USER_USERNAME, ROLES) VALUES ('ario2118', 'CREW')
INSERT INTO USER (ENABLED, FIRST_NAME, LAST_NAME, PASSWORD, USERNAME, EMAIL, PHONE, CREATE_USER_USERNAME, CREATE_DATE) VALUES(TRUE, 'Joseph', 'Poole', '$2a$10$0fzFCfocPwei8eeWalkFpOe0RCg8gDYt3L1..bAwVjnL3qgKq2cMm', 'ario2119', 'JosephPoole@airinfo.at', '+43 681 7012149', 'admin', '2020-01-01 00:00:00')
INSERT INTO USER_USER_ROLE (USER_USERNAME, ROLES) VALUES ('ario2119', 'CREW')
INSERT INTO USER (ENABLED, FIRST_NAME, LAST_NAME, PASSWORD, USERNAME, EMAIL, PHONE, CREATE_USER_USERNAME, CREATE_DATE) VALUES(TRUE, 'Edward', 'Higgins', '$2a$10$0fzFCfocPwei8eeWalkFpOe0RCg8gDYt3L1..bAwVjnL3qgKq2cMm', 'ario2120', 'EdwardHiggins@airinfo.at', '+43 650 6149255', 'admin', '2020-01-01 00:00:00')
INSERT INTO USER_USER_ROLE (USER_USERNAME, ROLES) VALUES ('ario2120', 'CREW')
INSERT INTO USER (ENABLED, FIRST_NAME, LAST_NAME, PASSWORD, USERNAME, EMAIL, PHONE, CREATE_USER_USERNAME, CREATE_DATE) VALUES(TRUE, 'Matilda', 'Fleming', '$2a$10$0fzFCfocPwei8eeWalkFpOe0RCg8gDYt3L1..bAwVjnL3qgKq2cMm', 'ario2121', 'MatildaFleming@airinfo.at', '+43 664 6129211', 'admin', '2020-01-01 00:00:00')
INSERT INTO USER_USER_ROLE (USER_USERNAME, ROLES) VALUES ('ario2121', 'CREW')
INSERT INTO USER (ENABLED, FIRST_NAME, LAST_NAME, PASSWORD, USERNAME, EMAIL, PHONE, CREATE_USER_USERNAME, CREATE_DATE) VALUES(TRUE, 'Kieran', 'Webb', '$2a$10$0fzFCfocPwei8eeWalkFpOe0RCg8gDYt3L1..bAwVjnL3qgKq2cMm', 'ario2122', 'KieranWebb@airinfo.at', '+43 664 2097087', 'admin', '2020-01-01 00:00:00')
INSERT INTO USER_USER_ROLE (USER_USERNAME, ROLES) VALUES ('ario2122', 'CREW')
INSERT INTO USER (ENABLED, FIRST_NAME, LAST_NAME, PASSWORD, USERNAME, EMAIL, PHONE, CREATE_USER_USERNAME, CREATE_DATE) VALUES(TRUE, 'Anthony', 'Barnett', '$2a$10$0fzFCfocPwei8eeWalkFpOe0RCg8gDYt3L1..bAwVjnL3qgKq2cMm', 'ario2123', 'AnthonyBarnett@airinfo.at', '+43 664 8460628', 'admin', '2020-01-01 00:00:00')
INSERT INTO USER_USER_ROLE (USER_USERNAME, ROLES) VALUES ('ario2123', 'CREW')
INSERT INTO USER (ENABLED, FIRST_NAME, LAST_NAME, PASSWORD, USERNAME, EMAIL, PHONE, CREATE_USER_USERNAME, CREATE_DATE) VALUES(TRUE, 'Sebastian', 'Reid', '$2a$10$0fzFCfocPwei8eeWalkFpOe0RCg8gDYt3L1..bAwVjnL3qgKq2cMm', 'ario2124', 'SebastianReid@airinfo.at', '+43 681 4706661', 'admin', '2020-01-01 00:00:00')
INSERT INTO USER_USER_ROLE (USER_USERNAME, ROLES) VALUES ('ario2124', 'CREW')
INSERT INTO USER (ENABLED, FIRST_NAME, LAST_NAME, PASSWORD, USERNAME, EMAIL, PHONE, CREATE_USER_USERNAME, CREATE_DATE) VALUES(TRUE, 'Jamie', 'Blackburn', '$2a$10$0fzFCfocPwei8eeWalkFpOe0RCg8gDYt3L1..bAwVjnL3qgKq2cMm', 'ario2125', 'JamieBlackburn@airinfo.at', '+43 650 8122662', 'admin', '2020-01-01 00:00:00')
INSERT INTO USER_USER_ROLE (USER_USERNAME, ROLES) VALUES ('ario2125', 'CREW')
INSERT INTO USER (ENABLED, FIRST_NAME, LAST_NAME, PASSWORD, USERNAME, EMAIL, PHONE, CREATE_USER_USERNAME, CREATE_DATE) VALUES(TRUE, 'Molly', 'Akhtar', '$2a$10$0fzFCfocPwei8eeWalkFpOe0RCg8gDYt3L1..bAwVjnL3qgKq2cMm', 'ario2126', 'MollyAkhtar@airinfo.at', '+43 650 2576998', 'admin', '2020-01-01 00:00:00')
INSERT INTO USER_USER_ROLE (USER_USERNAME, ROLES) VALUES ('ario2126', 'CREW')
INSERT INTO USER (ENABLED, FIRST_NAME, LAST_NAME, PASSWORD, USERNAME, EMAIL, PHONE, CREATE_USER_USERNAME, CREATE_DATE) VALUES(TRUE, 'Louise', 'Holmes', '$2a$10$0fzFCfocPwei8eeWalkFpOe0RCg8gDYt3L1..bAwVjnL3qgKq2cMm', 'ario2127', 'LouiseHolmes@airinfo.at', '+43 680 1540374', 'admin', '2020-01-01 00:00:00')
INSERT INTO USER_USER_ROLE (USER_USERNAME, ROLES) VALUES ('ario2127', 'CREW')
INSERT INTO USER (ENABLED, FIRST_NAME, LAST_NAME, PASSWORD, USERNAME, EMAIL, PHONE, CREATE_USER_USERNAME, CREATE_DATE) VALUES(TRUE, 'Tom', 'Turnbull', '$2a$10$0fzFCfocPwei8eeWalkFpOe0RCg8gDYt3L1..bAwVjnL3qgKq2cMm', 'ario2128', 'TomTurnbull@airinfo.at', '+43 664 9102408', 'admin', '2020-01-01 00:00:00')
INSERT INTO USER_USER_ROLE (USER_USERNAME, ROLES) VALUES ('ario2128', 'CREW')
INSERT INTO USER (ENABLED, FIRST_NAME, LAST_NAME, PASSWORD, USERNAME, EMAIL, PHONE, CREATE_USER_USERNAME, CREATE_DATE) VALUES(TRUE, 'Victoria', 'Oliver', '$2a$10$0fzFCfocPwei8eeWalkFpOe0RCg8gDYt3L1..bAwVjnL3qgKq2cMm', 'ario2129', 'VictoriaOliver@airinfo.at', '+43 680 4356040', 'admin', '2020-01-01 00:00:00')
INSERT INTO USER_USER_ROLE (USER_USERNAME, ROLES) VALUES ('ario2129', 'CREW')
INSERT INTO USER (ENABLED, FIRST_NAME, LAST_NAME, PASSWORD, USERNAME, EMAIL, PHONE, CREATE_USER_USERNAME, CREATE_DATE) VALUES(TRUE, 'Alicia', 'Moran', '$2a$10$0fzFCfocPwei8eeWalkFpOe0RCg8gDYt3L1..bAwVjnL3qgKq2cMm', 'ario2130', 'AliciaMoran@airinfo.at', '+43 660 9369791', 'admin', '2020-01-01 00:00:00')
INSERT INTO USER_USER_ROLE (USER_USERNAME, ROLES) VALUES ('ario2130', 'CREW')
INSERT INTO USER (ENABLED, FIRST_NAME, LAST_NAME, PASSWORD, USERNAME, EMAIL, PHONE, CREATE_USER_USERNAME, CREATE_DATE) VALUES(TRUE, 'Lauren', 'Nelson', '$2a$10$0fzFCfocPwei8eeWalkFpOe0RCg8gDYt3L1..bAwVjnL3qgKq2cMm', 'ario2131', 'LaurenNelson@airinfo.at', '+43 650 5293279', 'admin', '2020-01-01 00:00:00')
INSERT INTO USER_USER_ROLE (USER_USERNAME, ROLES) VALUES ('ario2131', 'CREW')
INSERT INTO USER (ENABLED, FIRST_NAME, LAST_NAME, PASSWORD, USERNAME, EMAIL, PHONE, CREATE_USER_USERNAME, CREATE_DATE) VALUES(TRUE, 'Ellis', 'Pollard', '$2a$10$0fzFCfocPwei8eeWalkFpOe0RCg8gDYt3L1..bAwVjnL3qgKq2cMm', 'ario2132', 'EllisPollard@airinfo.at', '+43 660 1913190', 'admin', '2020-01-01 00:00:00')
INSERT INTO USER_USER_ROLE (USER_USERNAME, ROLES) VALUES ('ario2132', 'CREW')
INSERT INTO USER (ENABLED, FIRST_NAME, LAST_NAME, PASSWORD, USERNAME, EMAIL, PHONE, CREATE_USER_USERNAME, CREATE_DATE) VALUES(TRUE, 'James', 'Burgess', '$2a$10$0fzFCfocPwei8eeWalkFpOe0RCg8gDYt3L1..bAwVjnL3qgKq2cMm', 'ario2133', 'JamesBurgess@airinfo.at', '+43 664 6063273', 'admin', '2020-01-01 00:00:00')
INSERT INTO USER_USER_ROLE (USER_USERNAME, ROLES) VALUES ('ario2133', 'CREW')
INSERT INTO USER (ENABLED, FIRST_NAME, LAST_NAME, PASSWORD, USERNAME, EMAIL, PHONE, CREATE_USER_USERNAME, CREATE_DATE) VALUES(TRUE, 'Elise', 'Wall', '$2a$10$0fzFCfocPwei8eeWalkFpOe0RCg8gDYt3L1..bAwVjnL3qgKq2cMm', 'ario2134', 'EliseWall@airinfo.at', '+43 664 9447189', 'admin', '2020-01-01 00:00:00')
INSERT INTO USER_USER_ROLE (USER_USERNAME, ROLES) VALUES ('ario2134', 'CREW')
INSERT INTO USER (ENABLED, FIRST_NAME, LAST_NAME, PASSWORD, USERNAME, EMAIL, PHONE, CREATE_USER_USERNAME, CREATE_DATE) VALUES(TRUE, 'Laura', 'Archer', '$2a$10$0fzFCfocPwei8eeWalkFpOe0RCg8gDYt3L1..bAwVjnL3qgKq2cMm', 'ario2135', 'LauraArcher@airinfo.at', '+43 650 4953824', 'admin', '2020-01-01 00:00:00')
INSERT INTO USER_USER_ROLE (USER_USERNAME, ROLES) VALUES ('ario2135', 'CREW')
INSERT INTO USER (ENABLED, FIRST_NAME, LAST_NAME, PASSWORD, USERNAME, EMAIL, PHONE, CREATE_USER_USERNAME, CREATE_DATE) VALUES(TRUE, 'Aimee', 'Williams', '$2a$10$0fzFCfocPwei8eeWalkFpOe0RCg8gDYt3L1..bAwVjnL3qgKq2cMm', 'ario2136', 'AimeeWilliams@airinfo.at', '+43 688 2245608', 'admin', '2020-01-01 00:00:00')
INSERT INTO USER_USER_ROLE (USER_USERNAME, ROLES) VALUES ('ario2136', 'CREW')
INSERT INTO USER (ENABLED, FIRST_NAME, LAST_NAME, PASSWORD, USERNAME, EMAIL, PHONE, CREATE_USER_USERNAME, CREATE_DATE) VALUES(TRUE, 'Isabel', 'Brennan', '$2a$10$0fzFCfocPwei8eeWalkFpOe0RCg8gDYt3L1..bAwVjnL3qgKq2cMm', 'ario2137', 'IsabelBrennan@airinfo.at', '+43 650 2246156', 'admin', '2020-01-01 00:00:00')
INSERT INTO USER_USER_ROLE (USER_USERNAME, ROLES) VALUES ('ario2137', 'CREW')
INSERT INTO USER (ENABLED, FIRST_NAME, LAST_NAME, PASSWORD, USERNAME, EMAIL, PHONE, CREATE_USER_USERNAME, CREATE_DATE) VALUES(TRUE, 'Harriet', 'Robinson', '$2a$10$0fzFCfocPwei8eeWalkFpOe0RCg8gDYt3L1..bAwVjnL3qgKq2cMm', 'ario2138', 'HarrietRobinson@airinfo.at', '+43 699 1986261', 'admin', '2020-01-01 00:00:00')
INSERT INTO USER_USER_ROLE (USER_USERNAME, ROLES) VALUES ('ario2138', 'CREW')
INSERT INTO USER (ENABLED, FIRST_NAME, LAST_NAME, PASSWORD, USERNAME, EMAIL, PHONE, CREATE_USER_USERNAME, CREATE_DATE) VALUES(TRUE, 'Leo', 'Cook', '$2a$10$0fzFCfocPwei8eeWalkFpOe0RCg8gDYt3L1..bAwVjnL3qgKq2cMm', 'ario2139', 'LeoCook@airinfo.at', '+43 660 2282764', 'admin', '2020-01-01 00:00:00')
INSERT INTO USER_USER_ROLE (USER_USERNAME, ROLES) VALUES ('ario2139', 'CREW')
INSERT INTO USER (ENABLED, FIRST_NAME, LAST_NAME, PASSWORD, USERNAME, EMAIL, PHONE, CREATE_USER_USERNAME, CREATE_DATE) VALUES(TRUE, 'Daisy', 'Weston', '$2a$10$0fzFCfocPwei8eeWalkFpOe0RCg8gDYt3L1..bAwVjnL3qgKq2cMm', 'ario2140', 'DaisyWeston@airinfo.at', '+43 688 4387013', 'admin', '2020-01-01 00:00:00')
INSERT INTO USER_USER_ROLE (USER_USERNAME, ROLES) VALUES ('ario2140', 'CREW')
INSERT INTO USER (ENABLED, FIRST_NAME, LAST_NAME, PASSWORD, USERNAME, EMAIL, PHONE, CREATE_USER_USERNAME, CREATE_DATE) VALUES(TRUE, 'Taylor', 'Connolly', '$2a$10$0fzFCfocPwei8eeWalkFpOe0RCg8gDYt3L1..bAwVjnL3qgKq2cMm', 'ario2141', 'TaylorConnolly@airinfo.at', '+43 688 3059961', 'admin', '2020-01-01 00:00:00')
INSERT INTO USER_USER_ROLE (USER_USERNAME, ROLES) VALUES ('ario2141', 'CREW')
INSERT INTO USER (ENABLED, FIRST_NAME, LAST_NAME, PASSWORD, USERNAME, EMAIL, PHONE, CREATE_USER_USERNAME, CREATE_DATE) VALUES(TRUE, 'Summer', 'Willis', '$2a$10$0fzFCfocPwei8eeWalkFpOe0RCg8gDYt3L1..bAwVjnL3qgKq2cMm', 'ario2142', 'SummerWillis@airinfo.at', '+43 650 1700926', 'admin', '2020-01-01 00:00:00')
INSERT INTO USER_USER_ROLE (USER_USERNAME, ROLES) VALUES ('ario2142', 'CREW')

INSERT INTO AIRCRAFT (ENABLED, AIRCRAFT_ID, TYPE, REQUIRED_PILOTS, REQUIRED_CREW, SEATS, CREATE_USER_USERNAME, CREATE_DATE) VALUES(TRUE, '412412', 'AIRBUS_A319', '2', '4', '138', 'admin', '2020-01-01 00:00:00')
INSERT INTO AIRCRAFT (ENABLED, AIRCRAFT_ID, TYPE, REQUIRED_PILOTS, REQUIRED_CREW, SEATS, CREATE_USER_USERNAME, CREATE_DATE) VALUES(TRUE, '634622', 'AIRBUS_A319', '2', '4', '138', 'admin', '2020-01-01 00:00:00')
INSERT INTO AIRCRAFT (ENABLED, AIRCRAFT_ID, TYPE, REQUIRED_PILOTS, REQUIRED_CREW, SEATS, CREATE_USER_USERNAME, CREATE_DATE) VALUES(TRUE, '745724', 'AIRBUS_A319', '2', '4', '138', 'admin', '2020-01-01 00:00:00')
INSERT INTO AIRCRAFT (ENABLED, AIRCRAFT_ID, TYPE, REQUIRED_PILOTS, REQUIRED_CREW, SEATS, CREATE_USER_USERNAME, CREATE_DATE) VALUES(TRUE, '577251', 'AIRBUS_A319', '2', '4', '138', 'admin', '2020-01-01 00:00:00')
INSERT INTO AIRCRAFT (ENABLED, AIRCRAFT_ID, TYPE, REQUIRED_PILOTS, REQUIRED_CREW, SEATS, CREATE_USER_USERNAME, CREATE_DATE) VALUES(TRUE, '125674', 'AIRBUS_A319', '2', '4', '138', 'admin', '2020-01-01 00:00:00')
INSERT INTO AIRCRAFT (ENABLED, AIRCRAFT_ID, TYPE, REQUIRED_PILOTS, REQUIRED_CREW, SEATS, CREATE_USER_USERNAME, CREATE_DATE) VALUES(TRUE, '431241', 'AIRBUS_A319', '2', '4', '138', 'admin', '2020-01-01 00:00:00')
INSERT INTO AIRCRAFT (ENABLED, AIRCRAFT_ID, TYPE, REQUIRED_PILOTS, REQUIRED_CREW, SEATS, CREATE_USER_USERNAME, CREATE_DATE) VALUES(TRUE, '651512', 'AIRBUS_A320', '2', '5', '174', 'admin', '2020-01-01 00:00:00')
INSERT INTO AIRCRAFT (ENABLED, AIRCRAFT_ID, TYPE, REQUIRED_PILOTS, REQUIRED_CREW, SEATS, CREATE_USER_USERNAME, CREATE_DATE) VALUES(TRUE, '155253', 'AIRBUS_A320', '2', '5', '174', 'admin', '2020-01-01 00:00:00')
INSERT INTO AIRCRAFT (ENABLED, AIRCRAFT_ID, TYPE, REQUIRED_PILOTS, REQUIRED_CREW, SEATS, CREATE_USER_USERNAME, CREATE_DATE) VALUES(TRUE, '783582', 'AIRBUS_A320', '2', '5', '174', 'admin', '2020-01-01 00:00:00')
INSERT INTO AIRCRAFT (ENABLED, AIRCRAFT_ID, TYPE, REQUIRED_PILOTS, REQUIRED_CREW, SEATS, CREATE_USER_USERNAME, CREATE_DATE) VALUES(TRUE, '973521', 'AIRBUS_A320', '2', '5', '174', 'admin', '2020-01-01 00:00:00')
INSERT INTO AIRCRAFT (ENABLED, AIRCRAFT_ID, TYPE, REQUIRED_PILOTS, REQUIRED_CREW, SEATS, CREATE_USER_USERNAME, CREATE_DATE) VALUES(TRUE, '624523', 'AIRBUS_A320', '2', '5', '174', 'admin', '2020-01-01 00:00:00')
INSERT INTO AIRCRAFT (ENABLED, AIRCRAFT_ID, TYPE, REQUIRED_PILOTS, REQUIRED_CREW, SEATS, CREATE_USER_USERNAME, CREATE_DATE) VALUES(TRUE, '523512', 'AIRBUS_A321', '2', '6', '200', 'admin', '2020-01-01 00:00:00')
INSERT INTO AIRCRAFT (ENABLED, AIRCRAFT_ID, TYPE, REQUIRED_PILOTS, REQUIRED_CREW, SEATS, CREATE_USER_USERNAME, CREATE_DATE) VALUES(TRUE, '356573', 'AIRBUS_A321', '2', '6', '200', 'admin', '2020-01-01 00:00:00')
INSERT INTO AIRCRAFT (ENABLED, AIRCRAFT_ID, TYPE, REQUIRED_PILOTS, REQUIRED_CREW, SEATS, CREATE_USER_USERNAME, CREATE_DATE) VALUES(TRUE, '768952', 'AIRBUS_A321', '2', '6', '200', 'admin', '2020-01-01 00:00:00')
INSERT INTO AIRCRAFT (ENABLED, AIRCRAFT_ID, TYPE, REQUIRED_PILOTS, REQUIRED_CREW, SEATS, CREATE_USER_USERNAME, CREATE_DATE) VALUES(TRUE, '563233', 'AIRBUS_A321', '2', '6', '200', 'admin', '2020-01-01 00:00:00')
INSERT INTO AIRCRAFT (ENABLED, AIRCRAFT_ID, TYPE, REQUIRED_PILOTS, REQUIRED_CREW, SEATS, CREATE_USER_USERNAME, CREATE_DATE) VALUES(TRUE, '265462', 'BOEING_737', '2', '5', '189', 'admin', '2020-01-01 00:00:00')
INSERT INTO AIRCRAFT (ENABLED, AIRCRAFT_ID, TYPE, REQUIRED_PILOTS, REQUIRED_CREW, SEATS, CREATE_USER_USERNAME, CREATE_DATE) VALUES(TRUE, '468242', 'BOEING_737', '2', '5', '189', 'admin', '2020-01-01 00:00:00')
INSERT INTO AIRCRAFT (ENABLED, AIRCRAFT_ID, TYPE, REQUIRED_PILOTS, REQUIRED_CREW, SEATS, CREATE_USER_USERNAME, CREATE_DATE) VALUES(TRUE, '873511', 'BOEING_737', '2', '5', '189', 'admin', '2020-01-01 00:00:00')
INSERT INTO AIRCRAFT (ENABLED, AIRCRAFT_ID, TYPE, REQUIRED_PILOTS, REQUIRED_CREW, SEATS, CREATE_USER_USERNAME, CREATE_DATE) VALUES(TRUE, '116637', 'BOEING_737', '2', '5', '189', 'admin', '2020-01-01 00:00:00')
INSERT INTO AIRCRAFT (ENABLED, AIRCRAFT_ID, TYPE, REQUIRED_PILOTS, REQUIRED_CREW, SEATS, CREATE_USER_USERNAME, CREATE_DATE) VALUES(TRUE, '974622', 'BOEING_737', '2', '5', '189', 'admin', '2020-01-01 00:00:00')
INSERT INTO AIRCRAFT (ENABLED, AIRCRAFT_ID, TYPE, REQUIRED_PILOTS, REQUIRED_CREW, SEATS, CREATE_USER_USERNAME, CREATE_DATE) VALUES(TRUE, '595677', 'BOEING_737', '2', '5', '189', 'admin', '2020-01-01 00:00:00')
INSERT INTO AIRCRAFT (ENABLED, AIRCRAFT_ID, TYPE, REQUIRED_PILOTS, REQUIRED_CREW, SEATS, CREATE_USER_USERNAME, CREATE_DATE) VALUES(TRUE, '533318', 'BOEING_747', '3', '12', '467', 'admin', '2020-01-01 00:00:00')
INSERT INTO AIRCRAFT (ENABLED, AIRCRAFT_ID, TYPE, REQUIRED_PILOTS, REQUIRED_CREW, SEATS, CREATE_USER_USERNAME, CREATE_DATE) VALUES(TRUE, '994562', 'BOEING_747', '3', '12', '467', 'admin', '2020-01-01 00:00:00')
INSERT INTO AIRCRAFT (ENABLED, AIRCRAFT_ID, TYPE, REQUIRED_PILOTS, REQUIRED_CREW, SEATS, CREATE_USER_USERNAME, CREATE_DATE) VALUES(TRUE, '836288', 'BOEING_747', '3', '12', '467', 'admin', '2020-01-01 00:00:00')
INSERT INTO AIRCRAFT (ENABLED, AIRCRAFT_ID, TYPE, REQUIRED_PILOTS, REQUIRED_CREW, SEATS, CREATE_USER_USERNAME, CREATE_DATE) VALUES(TRUE, '317834',' EMBRAER_195', '2', '4', '120', 'admin', '2020-01-01 00:00:00')
INSERT INTO AIRCRAFT (ENABLED, AIRCRAFT_ID, TYPE, REQUIRED_PILOTS, REQUIRED_CREW, SEATS, CREATE_USER_USERNAME, CREATE_DATE) VALUES(TRUE, '124679',' EMBRAER_195', '2', '4', '120', 'admin', '2020-01-01 00:00:00')
INSERT INTO AIRCRAFT (ENABLED, AIRCRAFT_ID, TYPE, REQUIRED_PILOTS, REQUIRED_CREW, SEATS, CREATE_USER_USERNAME, CREATE_DATE) VALUES(TRUE, '773234',' EMBRAER_195', '2', '4', '120', 'admin', '2020-01-01 00:00:00')
INSERT INTO AIRCRAFT (ENABLED, AIRCRAFT_ID, TYPE, REQUIRED_PILOTS, REQUIRED_CREW, SEATS, CREATE_USER_USERNAME, CREATE_DATE) VALUES(TRUE, '986784',' EMBRAER_195', '2', '4', '120', 'admin', '2020-01-01 00:00:00')
INSERT INTO AIRCRAFT (ENABLED, AIRCRAFT_ID, TYPE, REQUIRED_PILOTS, REQUIRED_CREW, SEATS, CREATE_USER_USERNAME, CREATE_DATE) VALUES(TRUE, '834623',' EMBRAER_195', '2', '4', '120', 'admin', '2020-01-01 00:00:00')

INSERT INTO AIRPORT(IATA_CODE, NAME, COUNTRY, CREATE_USER_USERNAME, CREATE_DATE, ENABLED, FLIGHT_DURATION) VALUES ('GRZ', 'Graz Airport', 'Austria', 'admin', '2020-01-01 00:00:00', TRUE, '130')
INSERT INTO AIRPORT(IATA_CODE, NAME, COUNTRY, CREATE_USER_USERNAME, CREATE_DATE, ENABLED, FLIGHT_DURATION) VALUES ('INN', 'Innsbruck Airport', 'Austria', 'admin', '2020-01-01 00:00:00', TRUE, '0')
INSERT INTO AIRPORT(IATA_CODE, NAME, COUNTRY, CREATE_USER_USERNAME, CREATE_DATE, ENABLED, FLIGHT_DURATION) VALUES ('SZG', 'Salzburg Airport', 'Austria', 'admin', '2020-01-01 00:00:00', TRUE, '45')
INSERT INTO AIRPORT(IATA_CODE, NAME, COUNTRY, CREATE_USER_USERNAME, CREATE_DATE, ENABLED, FLIGHT_DURATION) VALUES ('VIE', 'Vienna Airport', 'Austria', 'admin', '2020-01-01 00:00:00', TRUE, '60')
INSERT INTO AIRPORT(IATA_CODE, NAME, COUNTRY, CREATE_USER_USERNAME, CREATE_DATE, ENABLED, FLIGHT_DURATION) VALUES ('BRU', 'Brussels Airport', 'Belgium', 'admin', '2020-01-01 00:00:00', TRUE, '86')
INSERT INTO AIRPORT(IATA_CODE, NAME, COUNTRY, CREATE_USER_USERNAME, CREATE_DATE, ENABLED, FLIGHT_DURATION) VALUES ('SOF', 'Sofia Airport', 'Bulgaria', 'admin', '2020-01-01 00:00:00', TRUE, '120')
INSERT INTO AIRPORT(IATA_CODE, NAME, COUNTRY, CREATE_USER_USERNAME, CREATE_DATE, ENABLED, FLIGHT_DURATION) VALUES ('ZAG', 'Zagreb Airport', 'Croatia', 'admin', '2020-01-01 00:00:00', TRUE, '73')
INSERT INTO AIRPORT(IATA_CODE, NAME, COUNTRY, CREATE_USER_USERNAME, CREATE_DATE, ENABLED, FLIGHT_DURATION) VALUES ('CPH', 'Copenhagen Airport', 'Denmark', 'admin', '2020-01-01 00:00:00', TRUE, '105')
INSERT INTO AIRPORT(IATA_CODE, NAME, COUNTRY, CREATE_USER_USERNAME, CREATE_DATE, ENABLED, FLIGHT_DURATION) VALUES ('HEL', 'Helsinki Airport', 'Finland', 'admin', '2020-01-01 00:00:00', TRUE, '245')
INSERT INTO AIRPORT(IATA_CODE, NAME, COUNTRY, CREATE_USER_USERNAME, CREATE_DATE, ENABLED, FLIGHT_DURATION) VALUES ('BVA', 'Paris Beauvais Airport', 'France', 'admin', '2020-01-01 00:00:00', TRUE, '86')
INSERT INTO AIRPORT(IATA_CODE, NAME, COUNTRY, CREATE_USER_USERNAME, CREATE_DATE, ENABLED, FLIGHT_DURATION) VALUES ('SXB', 'Strasbourg Airport', 'France', 'admin', '2020-01-01 00:00:00', TRUE, '55')
INSERT INTO AIRPORT(IATA_CODE, NAME, COUNTRY, CREATE_USER_USERNAME, CREATE_DATE, ENABLED, FLIGHT_DURATION) VALUES ('MUC', 'Munich Airport', 'Germany', 'admin', '2020-01-01 00:00:00', TRUE, '41')
INSERT INTO AIRPORT(IATA_CODE, NAME, COUNTRY, CREATE_USER_USERNAME, CREATE_DATE, ENABLED, FLIGHT_DURATION) VALUES ('BER', 'Berlin Brandenburg Airport', 'Germany', 'admin', '2020-01-01 00:00:00', TRUE, '90')
INSERT INTO AIRPORT(IATA_CODE, NAME, COUNTRY, CREATE_USER_USERNAME, CREATE_DATE, ENABLED, FLIGHT_DURATION) VALUES ('DRS', 'Dresden Airport', 'Germany', 'admin', '2020-01-01 00:00:00', TRUE, '230')
INSERT INTO AIRPORT(IATA_CODE, NAME, COUNTRY, CREATE_USER_USERNAME, CREATE_DATE, ENABLED, FLIGHT_DURATION) VALUES ('FRA', 'Frankfurt Airport', 'Germany', 'admin', '2020-01-01 00:00:00', TRUE, '75')
INSERT INTO AIRPORT(IATA_CODE, NAME, COUNTRY, CREATE_USER_USERNAME, CREATE_DATE, ENABLED, FLIGHT_DURATION) VALUES ('HAM', 'Hamburg Airport', 'Germany', 'admin', '2020-01-01 00:00:00', TRUE, '90')
INSERT INTO AIRPORT(IATA_CODE, NAME, COUNTRY, CREATE_USER_USERNAME, CREATE_DATE, ENABLED, FLIGHT_DURATION) VALUES ('ATH', 'Athens Airport', 'Greece', 'admin', '2020-01-01 00:00:00', TRUE, '135')
INSERT INTO AIRPORT(IATA_CODE, NAME, COUNTRY, CREATE_USER_USERNAME, CREATE_DATE, ENABLED, FLIGHT_DURATION) VALUES ('BUD', 'Budapest Airport', 'Hungary', 'admin', '2020-01-01 00:00:00', TRUE, '82')
INSERT INTO AIRPORT(IATA_CODE, NAME, COUNTRY, CREATE_USER_USERNAME, CREATE_DATE, ENABLED, FLIGHT_DURATION) VALUES ('DUB', 'Dublin Airport', 'Ireland', 'admin', '2020-01-01 00:00:00', TRUE, '131')
INSERT INTO AIRPORT(IATA_CODE, NAME, COUNTRY, CREATE_USER_USERNAME, CREATE_DATE, ENABLED, FLIGHT_DURATION) VALUES ('CIA', 'Rome Ciampino Airport', 'Italy', 'admin', '2020-01-01 00:00:00', TRUE, '80')
INSERT INTO AIRPORT(IATA_CODE, NAME, COUNTRY, CREATE_USER_USERNAME, CREATE_DATE, ENABLED, FLIGHT_DURATION) VALUES ('LUX', 'Luxembourg Airport', 'Luxembourg', 'admin', '2020-01-01 00:00:00', TRUE, '66')
INSERT INTO AIRPORT(IATA_CODE, NAME, COUNTRY, CREATE_USER_USERNAME, CREATE_DATE, ENABLED, FLIGHT_DURATION) VALUES ('AMS', 'Amsterdam Airport Schiphol', 'Netherlands', 'admin', '2020-01-01 00:00:00', TRUE, '95')
INSERT INTO AIRPORT(IATA_CODE, NAME, COUNTRY, CREATE_USER_USERNAME, CREATE_DATE, ENABLED, FLIGHT_DURATION) VALUES ('OSL', 'Oslo Airport', 'Norway', 'admin', '2020-01-01 00:00:00', TRUE, '260')
INSERT INTO AIRPORT(IATA_CODE, NAME, COUNTRY, CREATE_USER_USERNAME, CREATE_DATE, ENABLED, FLIGHT_DURATION) VALUES ('WAW', 'Warsaw Airport', 'Poland', 'admin', '2020-01-01 00:00:00', TRUE, '99')
INSERT INTO AIRPORT(IATA_CODE, NAME, COUNTRY, CREATE_USER_USERNAME, CREATE_DATE, ENABLED, FLIGHT_DURATION) VALUES ('LIS', 'Lisbon Airport', 'Portugal', 'admin', '2020-01-01 00:00:00', TRUE, '180')
INSERT INTO AIRPORT(IATA_CODE, NAME, COUNTRY, CREATE_USER_USERNAME, CREATE_DATE, ENABLED, FLIGHT_DURATION) VALUES ('DME', 'Moscow Domodedovo Airport', 'Russia', 'admin', '2020-01-01 00:00:00', TRUE, '178')
INSERT INTO AIRPORT(IATA_CODE, NAME, COUNTRY, CREATE_USER_USERNAME, CREATE_DATE, ENABLED, FLIGHT_DURATION) VALUES ('BTS', 'Bratislava Airport', 'Slovakia', 'admin', '2020-01-01 00:00:00', TRUE, '65')
INSERT INTO AIRPORT(IATA_CODE, NAME, COUNTRY, CREATE_USER_USERNAME, CREATE_DATE, ENABLED, FLIGHT_DURATION) VALUES ('BCN', 'Barcelona Airport', 'Spain', 'admin', '2020-01-01 00:00:00', TRUE, '119')
INSERT INTO AIRPORT(IATA_CODE, NAME, COUNTRY, CREATE_USER_USERNAME, CREATE_DATE, ENABLED, FLIGHT_DURATION) VALUES ('MAD', 'Madrid Barajas Airport', 'Spain', 'admin', '2020-01-01 00:00:00', TRUE, '150')
INSERT INTO AIRPORT(IATA_CODE, NAME, COUNTRY, CREATE_USER_USERNAME, CREATE_DATE, ENABLED, FLIGHT_DURATION) VALUES ('BRN', 'Bern Airport', 'Switzerland', 'admin', '2020-01-01 00:00:00', TRUE, '64')
INSERT INTO AIRPORT(IATA_CODE, NAME, COUNTRY, CREATE_USER_USERNAME, CREATE_DATE, ENABLED, FLIGHT_DURATION) VALUES ('IST', 'Istanbul New Airport', 'Turkey', 'admin', '2020-01-01 00:00:00', TRUE, '145')
INSERT INTO AIRPORT(IATA_CODE, NAME, COUNTRY, CREATE_USER_USERNAME, CREATE_DATE, ENABLED, FLIGHT_DURATION) VALUES ('KBP', 'Kiev Boryspil Airport', 'Ukraine', 'admin', '2020-01-01 00:00:00', TRUE, '135')
INSERT INTO AIRPORT(IATA_CODE, NAME, COUNTRY, CREATE_USER_USERNAME, CREATE_DATE, ENABLED, FLIGHT_DURATION) VALUES ('BHD', 'Belfast City Airport', 'United Kingdom', 'admin', '2020-01-01 00:00:00', TRUE, '136')
INSERT INTO AIRPORT(IATA_CODE, NAME, COUNTRY, CREATE_USER_USERNAME, CREATE_DATE, ENABLED, FLIGHT_DURATION) VALUES ('GLA', 'Glasgow Airport', 'United Kingdom', 'admin', '2020-01-01 00:00:00', TRUE, '133')
INSERT INTO AIRPORT(IATA_CODE, NAME, COUNTRY, CREATE_USER_USERNAME, CREATE_DATE, ENABLED, FLIGHT_DURATION) VALUES ('LPL', 'Liverpool Airport', 'United Kingdom', 'admin', '2020-01-01 00:00:00', TRUE, '130')
INSERT INTO AIRPORT(IATA_CODE, NAME, COUNTRY, CREATE_USER_USERNAME, CREATE_DATE, ENABLED, FLIGHT_DURATION) VALUES ('LGW', 'London Gatwick Airport', 'United Kingdom', 'admin', '2020-01-01 00:00:00', TRUE, '110')
INSERT INTO AIRPORT(IATA_CODE, NAME, COUNTRY, CREATE_USER_USERNAME, CREATE_DATE, ENABLED, FLIGHT_DURATION) VALUES ('MAN', 'Manchester Airport', 'United Kingdom', 'admin', '2020-01-01 00:00:00', TRUE, '128')

INSERT INTO USER_AVAILABILITY(USER_USERNAME, TIMESTAMP, LOCATION_IATA_CODE) VALUES ('ario2011', '2020-01-01 00:00:00', 'INN')
INSERT INTO USER_AVAILABILITY(USER_USERNAME, TIMESTAMP, LOCATION_IATA_CODE) VALUES ('ario2012', '2020-01-01 00:00:00', 'INN')
INSERT INTO USER_AVAILABILITY(USER_USERNAME, TIMESTAMP, LOCATION_IATA_CODE) VALUES ('ario2013', '2020-01-01 00:00:00', 'INN')
INSERT INTO USER_AVAILABILITY(USER_USERNAME, TIMESTAMP, LOCATION_IATA_CODE) VALUES ('ario2014', '2020-01-01 00:00:00', 'INN')
INSERT INTO USER_AVAILABILITY(USER_USERNAME, TIMESTAMP, LOCATION_IATA_CODE) VALUES ('ario2015', '2020-01-01 00:00:00', 'INN')
INSERT INTO USER_AVAILABILITY(USER_USERNAME, TIMESTAMP, LOCATION_IATA_CODE) VALUES ('ario2016', '2020-01-01 00:00:00', 'INN')
INSERT INTO USER_AVAILABILITY(USER_USERNAME, TIMESTAMP, LOCATION_IATA_CODE) VALUES ('ario2017', '2020-01-01 00:00:00', 'INN')
INSERT INTO USER_AVAILABILITY(USER_USERNAME, TIMESTAMP, LOCATION_IATA_CODE) VALUES ('ario2018', '2020-01-01 00:00:00', 'INN')
INSERT INTO USER_AVAILABILITY(USER_USERNAME, TIMESTAMP, LOCATION_IATA_CODE) VALUES ('ario2019', '2020-01-01 00:00:00', 'INN')
INSERT INTO USER_AVAILABILITY(USER_USERNAME, TIMESTAMP, LOCATION_IATA_CODE) VALUES ('ario2020', '2020-01-01 00:00:00', 'INN')
INSERT INTO USER_AVAILABILITY(USER_USERNAME, TIMESTAMP, LOCATION_IATA_CODE) VALUES ('ario2021', '2020-01-01 00:00:00', 'INN')
INSERT INTO USER_AVAILABILITY(USER_USERNAME, TIMESTAMP, LOCATION_IATA_CODE) VALUES ('ario2022', '2020-01-01 00:00:00', 'INN')
INSERT INTO USER_AVAILABILITY(USER_USERNAME, TIMESTAMP, LOCATION_IATA_CODE) VALUES ('ario2023', '2020-01-01 00:00:00', 'INN')
INSERT INTO USER_AVAILABILITY(USER_USERNAME, TIMESTAMP, LOCATION_IATA_CODE) VALUES ('ario2024', '2020-01-01 00:00:00', 'INN')
INSERT INTO USER_AVAILABILITY(USER_USERNAME, TIMESTAMP, LOCATION_IATA_CODE) VALUES ('ario2025', '2020-01-01 00:00:00', 'INN')
INSERT INTO USER_AVAILABILITY(USER_USERNAME, TIMESTAMP, LOCATION_IATA_CODE) VALUES ('ario2026', '2020-01-01 00:00:00', 'INN')
INSERT INTO USER_AVAILABILITY(USER_USERNAME, TIMESTAMP, LOCATION_IATA_CODE) VALUES ('ario2027', '2020-01-01 00:00:00', 'INN')
INSERT INTO USER_AVAILABILITY(USER_USERNAME, TIMESTAMP, LOCATION_IATA_CODE) VALUES ('ario2028', '2020-01-01 00:00:00', 'INN')
INSERT INTO USER_AVAILABILITY(USER_USERNAME, TIMESTAMP, LOCATION_IATA_CODE) VALUES ('ario2029', '2020-01-01 00:00:00', 'INN')
INSERT INTO USER_AVAILABILITY(USER_USERNAME, TIMESTAMP, LOCATION_IATA_CODE) VALUES ('ario2030', '2020-01-01 00:00:00', 'INN')
INSERT INTO USER_AVAILABILITY(USER_USERNAME, TIMESTAMP, LOCATION_IATA_CODE) VALUES ('ario2031', '2020-01-01 00:00:00', 'INN')
INSERT INTO USER_AVAILABILITY(USER_USERNAME, TIMESTAMP, LOCATION_IATA_CODE) VALUES ('ario2032', '2020-01-01 00:00:00', 'INN')
INSERT INTO USER_AVAILABILITY(USER_USERNAME, TIMESTAMP, LOCATION_IATA_CODE) VALUES ('ario2033', '2020-01-01 00:00:00', 'INN')
INSERT INTO USER_AVAILABILITY(USER_USERNAME, TIMESTAMP, LOCATION_IATA_CODE) VALUES ('ario2034', '2020-01-01 00:00:00', 'INN')
INSERT INTO USER_AVAILABILITY(USER_USERNAME, TIMESTAMP, LOCATION_IATA_CODE) VALUES ('ario2035', '2020-01-01 00:00:00', 'INN')
INSERT INTO USER_AVAILABILITY(USER_USERNAME, TIMESTAMP, LOCATION_IATA_CODE) VALUES ('ario2036', '2020-01-01 00:00:00', 'INN')
INSERT INTO USER_AVAILABILITY(USER_USERNAME, TIMESTAMP, LOCATION_IATA_CODE) VALUES ('ario2037', '2020-01-01 00:00:00', 'INN')
INSERT INTO USER_AVAILABILITY(USER_USERNAME, TIMESTAMP, LOCATION_IATA_CODE) VALUES ('ario2038', '2020-01-01 00:00:00', 'INN')
INSERT INTO USER_AVAILABILITY(USER_USERNAME, TIMESTAMP, LOCATION_IATA_CODE) VALUES ('ario2039', '2020-01-01 00:00:00', 'INN')
INSERT INTO USER_AVAILABILITY(USER_USERNAME, TIMESTAMP, LOCATION_IATA_CODE) VALUES ('ario2040', '2020-01-01 00:00:00', 'INN')
INSERT INTO USER_AVAILABILITY(USER_USERNAME, TIMESTAMP, LOCATION_IATA_CODE) VALUES ('ario2041', '2020-01-01 00:00:00', 'INN')
INSERT INTO USER_AVAILABILITY(USER_USERNAME, TIMESTAMP, LOCATION_IATA_CODE) VALUES ('ario2042', '2020-01-01 00:00:00', 'INN')
INSERT INTO USER_AVAILABILITY(USER_USERNAME, TIMESTAMP, LOCATION_IATA_CODE) VALUES ('ario2043', '2020-01-01 00:00:00', 'INN')
INSERT INTO USER_AVAILABILITY(USER_USERNAME, TIMESTAMP, LOCATION_IATA_CODE) VALUES ('ario2044', '2020-01-01 00:00:00', 'INN')
INSERT INTO USER_AVAILABILITY(USER_USERNAME, TIMESTAMP, LOCATION_IATA_CODE) VALUES ('ario2045', '2020-01-01 00:00:00', 'INN')
INSERT INTO USER_AVAILABILITY(USER_USERNAME, TIMESTAMP, LOCATION_IATA_CODE) VALUES ('ario2046', '2020-01-01 00:00:00', 'INN')
INSERT INTO USER_AVAILABILITY(USER_USERNAME, TIMESTAMP, LOCATION_IATA_CODE) VALUES ('ario2047', '2020-01-01 00:00:00', 'INN')
INSERT INTO USER_AVAILABILITY(USER_USERNAME, TIMESTAMP, LOCATION_IATA_CODE) VALUES ('ario2048', '2020-01-01 00:00:00', 'INN')
INSERT INTO USER_AVAILABILITY(USER_USERNAME, TIMESTAMP, LOCATION_IATA_CODE) VALUES ('ario2049', '2020-01-01 00:00:00', 'INN')
INSERT INTO USER_AVAILABILITY(USER_USERNAME, TIMESTAMP, LOCATION_IATA_CODE) VALUES ('ario2050', '2020-01-01 00:00:00', 'INN')
INSERT INTO USER_AVAILABILITY(USER_USERNAME, TIMESTAMP, LOCATION_IATA_CODE) VALUES ('ario2051', '2020-01-01 00:00:00', 'INN')
INSERT INTO USER_AVAILABILITY(USER_USERNAME, TIMESTAMP, LOCATION_IATA_CODE) VALUES ('ario2052', '2020-01-01 00:00:00', 'INN')
INSERT INTO USER_AVAILABILITY(USER_USERNAME, TIMESTAMP, LOCATION_IATA_CODE) VALUES ('ario2053', '2020-01-01 00:00:00', 'INN')
INSERT INTO USER_AVAILABILITY(USER_USERNAME, TIMESTAMP, LOCATION_IATA_CODE) VALUES ('ario2054', '2020-01-01 00:00:00', 'INN')
INSERT INTO USER_AVAILABILITY(USER_USERNAME, TIMESTAMP, LOCATION_IATA_CODE) VALUES ('ario2055', '2020-01-01 00:00:00', 'INN')
INSERT INTO USER_AVAILABILITY(USER_USERNAME, TIMESTAMP, LOCATION_IATA_CODE) VALUES ('ario2056', '2020-01-01 00:00:00', 'INN')
INSERT INTO USER_AVAILABILITY(USER_USERNAME, TIMESTAMP, LOCATION_IATA_CODE) VALUES ('ario2057', '2020-01-01 00:00:00', 'INN')
INSERT INTO USER_AVAILABILITY(USER_USERNAME, TIMESTAMP, LOCATION_IATA_CODE) VALUES ('ario2058', '2020-01-01 00:00:00', 'INN')
INSERT INTO USER_AVAILABILITY(USER_USERNAME, TIMESTAMP, LOCATION_IATA_CODE) VALUES ('ario2059', '2020-01-01 00:00:00', 'INN')
INSERT INTO USER_AVAILABILITY(USER_USERNAME, TIMESTAMP, LOCATION_IATA_CODE) VALUES ('ario2060', '2020-01-01 00:00:00', 'INN')
INSERT INTO USER_AVAILABILITY(USER_USERNAME, TIMESTAMP, LOCATION_IATA_CODE) VALUES ('ario2061', '2020-01-01 00:00:00', 'INN')
INSERT INTO USER_AVAILABILITY(USER_USERNAME, TIMESTAMP, LOCATION_IATA_CODE) VALUES ('ario2062', '2020-01-01 00:00:00', 'INN')
INSERT INTO USER_AVAILABILITY(USER_USERNAME, TIMESTAMP, LOCATION_IATA_CODE) VALUES ('ario2063', '2020-01-01 00:00:00', 'INN')
INSERT INTO USER_AVAILABILITY(USER_USERNAME, TIMESTAMP, LOCATION_IATA_CODE) VALUES ('ario2064', '2020-01-01 00:00:00', 'INN')
INSERT INTO USER_AVAILABILITY(USER_USERNAME, TIMESTAMP, LOCATION_IATA_CODE) VALUES ('ario2065', '2020-01-01 00:00:00', 'INN')
INSERT INTO USER_AVAILABILITY(USER_USERNAME, TIMESTAMP, LOCATION_IATA_CODE) VALUES ('ario2066', '2020-01-01 00:00:00', 'INN')
INSERT INTO USER_AVAILABILITY(USER_USERNAME, TIMESTAMP, LOCATION_IATA_CODE) VALUES ('ario2067', '2020-01-01 00:00:00', 'INN')
INSERT INTO USER_AVAILABILITY(USER_USERNAME, TIMESTAMP, LOCATION_IATA_CODE) VALUES ('ario2068', '2020-01-01 00:00:00', 'INN')
INSERT INTO USER_AVAILABILITY(USER_USERNAME, TIMESTAMP, LOCATION_IATA_CODE) VALUES ('ario2069', '2020-01-01 00:00:00', 'INN')
INSERT INTO USER_AVAILABILITY(USER_USERNAME, TIMESTAMP, LOCATION_IATA_CODE) VALUES ('ario2070', '2020-01-01 00:00:00', 'INN')
INSERT INTO USER_AVAILABILITY(USER_USERNAME, TIMESTAMP, LOCATION_IATA_CODE) VALUES ('ario2071', '2020-01-01 00:00:00', 'INN')
INSERT INTO USER_AVAILABILITY(USER_USERNAME, TIMESTAMP, LOCATION_IATA_CODE) VALUES ('ario2072', '2020-01-01 00:00:00', 'INN')
INSERT INTO USER_AVAILABILITY(USER_USERNAME, TIMESTAMP, LOCATION_IATA_CODE) VALUES ('ario2073', '2020-01-01 00:00:00', 'INN')
INSERT INTO USER_AVAILABILITY(USER_USERNAME, TIMESTAMP, LOCATION_IATA_CODE) VALUES ('ario2074', '2020-01-01 00:00:00', 'INN')
INSERT INTO USER_AVAILABILITY(USER_USERNAME, TIMESTAMP, LOCATION_IATA_CODE) VALUES ('ario2075', '2020-01-01 00:00:00', 'INN')
INSERT INTO USER_AVAILABILITY(USER_USERNAME, TIMESTAMP, LOCATION_IATA_CODE) VALUES ('ario2076', '2020-01-01 00:00:00', 'INN')
INSERT INTO USER_AVAILABILITY(USER_USERNAME, TIMESTAMP, LOCATION_IATA_CODE) VALUES ('ario2077', '2020-01-01 00:00:00', 'INN')
INSERT INTO USER_AVAILABILITY(USER_USERNAME, TIMESTAMP, LOCATION_IATA_CODE) VALUES ('ario2078', '2020-01-01 00:00:00', 'INN')
INSERT INTO USER_AVAILABILITY(USER_USERNAME, TIMESTAMP, LOCATION_IATA_CODE) VALUES ('ario2079', '2020-01-01 00:00:00', 'INN')
INSERT INTO USER_AVAILABILITY(USER_USERNAME, TIMESTAMP, LOCATION_IATA_CODE) VALUES ('ario2080', '2020-01-01 00:00:00', 'INN')
INSERT INTO USER_AVAILABILITY(USER_USERNAME, TIMESTAMP, LOCATION_IATA_CODE) VALUES ('ario2081', '2020-01-01 00:00:00', 'INN')
INSERT INTO USER_AVAILABILITY(USER_USERNAME, TIMESTAMP, LOCATION_IATA_CODE) VALUES ('ario2082', '2020-01-01 00:00:00', 'INN')
INSERT INTO USER_AVAILABILITY(USER_USERNAME, TIMESTAMP, LOCATION_IATA_CODE) VALUES ('ario2083', '2020-01-01 00:00:00', 'INN')
INSERT INTO USER_AVAILABILITY(USER_USERNAME, TIMESTAMP, LOCATION_IATA_CODE) VALUES ('ario2084', '2020-01-01 00:00:00', 'INN')
INSERT INTO USER_AVAILABILITY(USER_USERNAME, TIMESTAMP, LOCATION_IATA_CODE) VALUES ('ario2085', '2020-01-01 00:00:00', 'INN')
INSERT INTO USER_AVAILABILITY(USER_USERNAME, TIMESTAMP, LOCATION_IATA_CODE) VALUES ('ario2086', '2020-01-01 00:00:00', 'INN')
INSERT INTO USER_AVAILABILITY(USER_USERNAME, TIMESTAMP, LOCATION_IATA_CODE) VALUES ('ario2087', '2020-01-01 00:00:00', 'INN')
INSERT INTO USER_AVAILABILITY(USER_USERNAME, TIMESTAMP, LOCATION_IATA_CODE) VALUES ('ario2088', '2020-01-01 00:00:00', 'INN')
INSERT INTO USER_AVAILABILITY(USER_USERNAME, TIMESTAMP, LOCATION_IATA_CODE) VALUES ('ario2089', '2020-01-01 00:00:00', 'INN')
INSERT INTO USER_AVAILABILITY(USER_USERNAME, TIMESTAMP, LOCATION_IATA_CODE) VALUES ('ario2090', '2020-01-01 00:00:00', 'INN')
INSERT INTO USER_AVAILABILITY(USER_USERNAME, TIMESTAMP, LOCATION_IATA_CODE) VALUES ('ario2091', '2020-01-01 00:00:00', 'INN')
INSERT INTO USER_AVAILABILITY(USER_USERNAME, TIMESTAMP, LOCATION_IATA_CODE) VALUES ('ario2092', '2020-01-01 00:00:00', 'INN')
INSERT INTO USER_AVAILABILITY(USER_USERNAME, TIMESTAMP, LOCATION_IATA_CODE) VALUES ('ario2093', '2020-01-01 00:00:00', 'INN')
INSERT INTO USER_AVAILABILITY(USER_USERNAME, TIMESTAMP, LOCATION_IATA_CODE) VALUES ('ario2094', '2020-01-01 00:00:00', 'INN')
INSERT INTO USER_AVAILABILITY(USER_USERNAME, TIMESTAMP, LOCATION_IATA_CODE) VALUES ('ario2095', '2020-01-01 00:00:00', 'INN')
INSERT INTO USER_AVAILABILITY(USER_USERNAME, TIMESTAMP, LOCATION_IATA_CODE) VALUES ('ario2096', '2020-01-01 00:00:00', 'INN')
INSERT INTO USER_AVAILABILITY(USER_USERNAME, TIMESTAMP, LOCATION_IATA_CODE) VALUES ('ario2097', '2020-01-01 00:00:00', 'INN')
INSERT INTO USER_AVAILABILITY(USER_USERNAME, TIMESTAMP, LOCATION_IATA_CODE) VALUES ('ario2098', '2020-01-01 00:00:00', 'INN')
INSERT INTO USER_AVAILABILITY(USER_USERNAME, TIMESTAMP, LOCATION_IATA_CODE) VALUES ('ario2099', '2020-01-01 00:00:00', 'INN')
INSERT INTO USER_AVAILABILITY(USER_USERNAME, TIMESTAMP, LOCATION_IATA_CODE) VALUES ('ario2100', '2020-01-01 00:00:00', 'INN')
INSERT INTO USER_AVAILABILITY(USER_USERNAME, TIMESTAMP, LOCATION_IATA_CODE) VALUES ('ario2101', '2020-01-01 00:00:00', 'INN')
INSERT INTO USER_AVAILABILITY(USER_USERNAME, TIMESTAMP, LOCATION_IATA_CODE) VALUES ('ario2102', '2020-01-01 00:00:00', 'INN')
INSERT INTO USER_AVAILABILITY(USER_USERNAME, TIMESTAMP, LOCATION_IATA_CODE) VALUES ('ario2103', '2020-01-01 00:00:00', 'INN')
INSERT INTO USER_AVAILABILITY(USER_USERNAME, TIMESTAMP, LOCATION_IATA_CODE) VALUES ('ario2104', '2020-01-01 00:00:00', 'INN')
INSERT INTO USER_AVAILABILITY(USER_USERNAME, TIMESTAMP, LOCATION_IATA_CODE) VALUES ('ario2105', '2020-01-01 00:00:00', 'INN')
INSERT INTO USER_AVAILABILITY(USER_USERNAME, TIMESTAMP, LOCATION_IATA_CODE) VALUES ('ario2106', '2020-01-01 00:00:00', 'INN')
INSERT INTO USER_AVAILABILITY(USER_USERNAME, TIMESTAMP, LOCATION_IATA_CODE) VALUES ('ario2107', '2020-01-01 00:00:00', 'INN')
INSERT INTO USER_AVAILABILITY(USER_USERNAME, TIMESTAMP, LOCATION_IATA_CODE) VALUES ('ario2108', '2020-01-01 00:00:00', 'INN')
INSERT INTO USER_AVAILABILITY(USER_USERNAME, TIMESTAMP, LOCATION_IATA_CODE) VALUES ('ario2109', '2020-01-01 00:00:00', 'INN')
INSERT INTO USER_AVAILABILITY(USER_USERNAME, TIMESTAMP, LOCATION_IATA_CODE) VALUES ('ario2110', '2020-01-01 00:00:00', 'INN')
INSERT INTO USER_AVAILABILITY(USER_USERNAME, TIMESTAMP, LOCATION_IATA_CODE) VALUES ('ario2111', '2020-01-01 00:00:00', 'INN')
INSERT INTO USER_AVAILABILITY(USER_USERNAME, TIMESTAMP, LOCATION_IATA_CODE) VALUES ('ario2112', '2020-01-01 00:00:00', 'INN')
INSERT INTO USER_AVAILABILITY(USER_USERNAME, TIMESTAMP, LOCATION_IATA_CODE) VALUES ('ario2113', '2020-01-01 00:00:00', 'INN')
INSERT INTO USER_AVAILABILITY(USER_USERNAME, TIMESTAMP, LOCATION_IATA_CODE) VALUES ('ario2114', '2020-01-01 00:00:00', 'INN')
INSERT INTO USER_AVAILABILITY(USER_USERNAME, TIMESTAMP, LOCATION_IATA_CODE) VALUES ('ario2115', '2020-01-01 00:00:00', 'INN')
INSERT INTO USER_AVAILABILITY(USER_USERNAME, TIMESTAMP, LOCATION_IATA_CODE) VALUES ('ario2116', '2020-01-01 00:00:00', 'INN')
INSERT INTO USER_AVAILABILITY(USER_USERNAME, TIMESTAMP, LOCATION_IATA_CODE) VALUES ('ario2117', '2020-01-01 00:00:00', 'INN')
INSERT INTO USER_AVAILABILITY(USER_USERNAME, TIMESTAMP, LOCATION_IATA_CODE) VALUES ('ario2118', '2020-01-01 00:00:00', 'INN')
INSERT INTO USER_AVAILABILITY(USER_USERNAME, TIMESTAMP, LOCATION_IATA_CODE) VALUES ('ario2119', '2020-01-01 00:00:00', 'INN')
INSERT INTO USER_AVAILABILITY(USER_USERNAME, TIMESTAMP, LOCATION_IATA_CODE) VALUES ('ario2120', '2020-01-01 00:00:00', 'INN')
INSERT INTO USER_AVAILABILITY(USER_USERNAME, TIMESTAMP, LOCATION_IATA_CODE) VALUES ('ario2121', '2020-01-01 00:00:00', 'INN')
INSERT INTO USER_AVAILABILITY(USER_USERNAME, TIMESTAMP, LOCATION_IATA_CODE) VALUES ('ario2122', '2020-01-01 00:00:00', 'INN')
INSERT INTO USER_AVAILABILITY(USER_USERNAME, TIMESTAMP, LOCATION_IATA_CODE) VALUES ('ario2123', '2020-01-01 00:00:00', 'INN')
INSERT INTO USER_AVAILABILITY(USER_USERNAME, TIMESTAMP, LOCATION_IATA_CODE) VALUES ('ario2124', '2020-01-01 00:00:00', 'INN')
INSERT INTO USER_AVAILABILITY(USER_USERNAME, TIMESTAMP, LOCATION_IATA_CODE) VALUES ('ario2125', '2020-01-01 00:00:00', 'INN')
INSERT INTO USER_AVAILABILITY(USER_USERNAME, TIMESTAMP, LOCATION_IATA_CODE) VALUES ('ario2126', '2020-01-01 00:00:00', 'INN')
INSERT INTO USER_AVAILABILITY(USER_USERNAME, TIMESTAMP, LOCATION_IATA_CODE) VALUES ('ario2127', '2020-01-01 00:00:00', 'INN')
INSERT INTO USER_AVAILABILITY(USER_USERNAME, TIMESTAMP, LOCATION_IATA_CODE) VALUES ('ario2128', '2020-01-01 00:00:00', 'INN')
INSERT INTO USER_AVAILABILITY(USER_USERNAME, TIMESTAMP, LOCATION_IATA_CODE) VALUES ('ario2129', '2020-01-01 00:00:00', 'INN')
INSERT INTO USER_AVAILABILITY(USER_USERNAME, TIMESTAMP, LOCATION_IATA_CODE) VALUES ('ario2130', '2020-01-01 00:00:00', 'INN')
INSERT INTO USER_AVAILABILITY(USER_USERNAME, TIMESTAMP, LOCATION_IATA_CODE) VALUES ('ario2131', '2020-01-01 00:00:00', 'INN')
INSERT INTO USER_AVAILABILITY(USER_USERNAME, TIMESTAMP, LOCATION_IATA_CODE) VALUES ('ario2132', '2020-01-01 00:00:00', 'INN')
INSERT INTO USER_AVAILABILITY(USER_USERNAME, TIMESTAMP, LOCATION_IATA_CODE) VALUES ('ario2133', '2020-01-01 00:00:00', 'INN')
INSERT INTO USER_AVAILABILITY(USER_USERNAME, TIMESTAMP, LOCATION_IATA_CODE) VALUES ('ario2134', '2020-01-01 00:00:00', 'INN')
INSERT INTO USER_AVAILABILITY(USER_USERNAME, TIMESTAMP, LOCATION_IATA_CODE) VALUES ('ario2135', '2020-01-01 00:00:00', 'INN')
INSERT INTO USER_AVAILABILITY(USER_USERNAME, TIMESTAMP, LOCATION_IATA_CODE) VALUES ('ario2136', '2020-01-01 00:00:00', 'INN')
INSERT INTO USER_AVAILABILITY(USER_USERNAME, TIMESTAMP, LOCATION_IATA_CODE) VALUES ('ario2137', '2020-01-01 00:00:00', 'INN')
INSERT INTO USER_AVAILABILITY(USER_USERNAME, TIMESTAMP, LOCATION_IATA_CODE) VALUES ('ario2138', '2020-01-01 00:00:00', 'INN')
INSERT INTO USER_AVAILABILITY(USER_USERNAME, TIMESTAMP, LOCATION_IATA_CODE) VALUES ('ario2139', '2020-01-01 00:00:00', 'INN')
INSERT INTO USER_AVAILABILITY(USER_USERNAME, TIMESTAMP, LOCATION_IATA_CODE) VALUES ('ario2140', '2020-01-01 00:00:00', 'INN')
INSERT INTO USER_AVAILABILITY(USER_USERNAME, TIMESTAMP, LOCATION_IATA_CODE) VALUES ('ario2141', '2020-01-01 00:00:00', 'INN')
INSERT INTO USER_AVAILABILITY(USER_USERNAME, TIMESTAMP, LOCATION_IATA_CODE) VALUES ('ario2142', '2020-01-01 00:00:00', 'INN')


INSERT INTO AIRCRAFT_AVAILABILITY(AIRCRAFT_AIRCRAFT_ID, TIMESTAMP, LOCATION_IATA_CODE) VALUES ('412412', '2020-01-01 00:00:00', 'INN')
INSERT INTO AIRCRAFT_AVAILABILITY(AIRCRAFT_AIRCRAFT_ID, TIMESTAMP, LOCATION_IATA_CODE) VALUES ('634622', '2020-01-01 00:00:00', 'INN')
INSERT INTO AIRCRAFT_AVAILABILITY(AIRCRAFT_AIRCRAFT_ID, TIMESTAMP, LOCATION_IATA_CODE) VALUES ('745724', '2020-01-01 00:00:00', 'INN')
INSERT INTO AIRCRAFT_AVAILABILITY(AIRCRAFT_AIRCRAFT_ID, TIMESTAMP, LOCATION_IATA_CODE) VALUES ('577251', '2020-01-01 00:00:00', 'INN')
INSERT INTO AIRCRAFT_AVAILABILITY(AIRCRAFT_AIRCRAFT_ID, TIMESTAMP, LOCATION_IATA_CODE) VALUES ('125674', '2020-01-01 00:00:00', 'INN')
INSERT INTO AIRCRAFT_AVAILABILITY(AIRCRAFT_AIRCRAFT_ID, TIMESTAMP, LOCATION_IATA_CODE) VALUES ('431241', '2020-01-01 00:00:00', 'INN')
INSERT INTO AIRCRAFT_AVAILABILITY(AIRCRAFT_AIRCRAFT_ID, TIMESTAMP, LOCATION_IATA_CODE) VALUES ('651512', '2020-01-01 00:00:00', 'INN')
INSERT INTO AIRCRAFT_AVAILABILITY(AIRCRAFT_AIRCRAFT_ID, TIMESTAMP, LOCATION_IATA_CODE) VALUES ('155253', '2020-01-01 00:00:00', 'INN')
INSERT INTO AIRCRAFT_AVAILABILITY(AIRCRAFT_AIRCRAFT_ID, TIMESTAMP, LOCATION_IATA_CODE) VALUES ('783582', '2020-01-01 00:00:00', 'INN')
INSERT INTO AIRCRAFT_AVAILABILITY(AIRCRAFT_AIRCRAFT_ID, TIMESTAMP, LOCATION_IATA_CODE) VALUES ('973521', '2020-01-01 00:00:00', 'INN')
INSERT INTO AIRCRAFT_AVAILABILITY(AIRCRAFT_AIRCRAFT_ID, TIMESTAMP, LOCATION_IATA_CODE) VALUES ('624523', '2020-01-01 00:00:00', 'INN')
INSERT INTO AIRCRAFT_AVAILABILITY(AIRCRAFT_AIRCRAFT_ID, TIMESTAMP, LOCATION_IATA_CODE) VALUES ('523512', '2020-01-01 00:00:00', 'INN')
INSERT INTO AIRCRAFT_AVAILABILITY(AIRCRAFT_AIRCRAFT_ID, TIMESTAMP, LOCATION_IATA_CODE) VALUES ('356573', '2020-01-01 00:00:00', 'INN')
INSERT INTO AIRCRAFT_AVAILABILITY(AIRCRAFT_AIRCRAFT_ID, TIMESTAMP, LOCATION_IATA_CODE) VALUES ('768952', '2020-01-01 00:00:00', 'INN')
INSERT INTO AIRCRAFT_AVAILABILITY(AIRCRAFT_AIRCRAFT_ID, TIMESTAMP, LOCATION_IATA_CODE) VALUES ('563233', '2020-01-01 00:00:00', 'INN')
INSERT INTO AIRCRAFT_AVAILABILITY(AIRCRAFT_AIRCRAFT_ID, TIMESTAMP, LOCATION_IATA_CODE) VALUES ('265462', '2020-01-01 00:00:00', 'INN')
INSERT INTO AIRCRAFT_AVAILABILITY(AIRCRAFT_AIRCRAFT_ID, TIMESTAMP, LOCATION_IATA_CODE) VALUES ('468242', '2020-01-01 00:00:00', 'INN')
INSERT INTO AIRCRAFT_AVAILABILITY(AIRCRAFT_AIRCRAFT_ID, TIMESTAMP, LOCATION_IATA_CODE) VALUES ('873511', '2020-01-01 00:00:00', 'INN')
INSERT INTO AIRCRAFT_AVAILABILITY(AIRCRAFT_AIRCRAFT_ID, TIMESTAMP, LOCATION_IATA_CODE) VALUES ('116637', '2020-01-01 00:00:00', 'INN')
INSERT INTO AIRCRAFT_AVAILABILITY(AIRCRAFT_AIRCRAFT_ID, TIMESTAMP, LOCATION_IATA_CODE) VALUES ('974622', '2020-01-01 00:00:00', 'INN')
INSERT INTO AIRCRAFT_AVAILABILITY(AIRCRAFT_AIRCRAFT_ID, TIMESTAMP, LOCATION_IATA_CODE) VALUES ('595677', '2020-01-01 00:00:00', 'INN')
INSERT INTO AIRCRAFT_AVAILABILITY(AIRCRAFT_AIRCRAFT_ID, TIMESTAMP, LOCATION_IATA_CODE) VALUES ('533318', '2020-01-01 00:00:00', 'INN')
INSERT INTO AIRCRAFT_AVAILABILITY(AIRCRAFT_AIRCRAFT_ID, TIMESTAMP, LOCATION_IATA_CODE) VALUES ('994562', '2020-01-01 00:00:00', 'INN')
INSERT INTO AIRCRAFT_AVAILABILITY(AIRCRAFT_AIRCRAFT_ID, TIMESTAMP, LOCATION_IATA_CODE) VALUES ('836288', '2020-01-01 00:00:00', 'INN')
INSERT INTO AIRCRAFT_AVAILABILITY(AIRCRAFT_AIRCRAFT_ID, TIMESTAMP, LOCATION_IATA_CODE) VALUES ('317834', '2020-01-01 00:00:00', 'INN')
INSERT INTO AIRCRAFT_AVAILABILITY(AIRCRAFT_AIRCRAFT_ID, TIMESTAMP, LOCATION_IATA_CODE) VALUES ('124679', '2020-01-01 00:00:00', 'INN')
INSERT INTO AIRCRAFT_AVAILABILITY(AIRCRAFT_AIRCRAFT_ID, TIMESTAMP, LOCATION_IATA_CODE) VALUES ('773234', '2020-01-01 00:00:00', 'INN')
INSERT INTO AIRCRAFT_AVAILABILITY(AIRCRAFT_AIRCRAFT_ID, TIMESTAMP, LOCATION_IATA_CODE) VALUES ('986784', '2020-01-01 00:00:00', 'INN')
INSERT INTO AIRCRAFT_AVAILABILITY(AIRCRAFT_AIRCRAFT_ID, TIMESTAMP, LOCATION_IATA_CODE) VALUES ('834623', '2020-01-01 00:00:00', 'INN')


INSERT INTO VACATION(VACATION_ID, CREATE_USER_USERNAME, CREATE_DATE, VACATION_START, VACATION_END, DAYS_TAKEN) VALUES ('1234','user4', '2019-01-01 00:00:00', '2019-02-04 00:00:00', '2019-02-05 00:00:00', '1')
